Open;High;Low;Close;VOL            
1242;1242.75;1239.75;1241;149
1241;1241.25;1240;1240;94
1241;1242;1241;1241.5;16
1241.75;1242;1240;1240;70
1240;1242.25;1240;1242.25;27
1242.25;1243;1241;1241.25;39
1242;1242;1240.25;1241.5;67
1242;1242;1241.5;1241.5;3
1242.5;1243.25;1242.5;1242.5;52
1242.25;1242.5;1239.5;1239.5;251
1240;1241.75;1239.5;1241.75;344
1240.25;1241;1239.25;1239.5;57
1240;1241.5;1239.5;1240.5;224
1240.25;1242.25;1239.25;1239.25;146
1239;1239;1235.5;1238;235
1237.5;1237.5;1233.5;1236.75;325
1236.25;1236.5;1235;1235;94
1235;1236;1233.5;1235.25;152
1235.5;1238.25;1235.5;1235.75;67
1236.25;1236.25;1235;1235;33
1235;1235;1231;1231.75;158
1232;1232;1226.5;1228;399
1227;1228.75;1224;1225.5;218
1226.5;1226.5;1222.5;1223.5;216
1222.25;1226.5;1222.25;1226.5;9
1226.25;1227;1226;1227;6
1226.5;1226.5;1226.5;1226.5;1
1223.75;1224;1223.75;1224;2
1223.75;1226;1223.75;1226;5
1225.75;1225.75;1225.75;1225.75;1
1226;1227.25;1226;1227;13
1227.75;1228;1227.75;1228;6
1227;1227;1227;1227;1
1227;1227;1227;1227;2
1226.5;1226.5;1225.75;1225.75;17
1227.25;1227.25;1227.25;1227.25;1
1227;1227.5;1227;1227.25;3
1227;1228.5;1227;1228.25;17
1227.5;1228.5;1227.25;1227.75;56
1227.25;1229;1226;1227.5;87
1228;1230;1221;1223.25;188
1225;1227;1225;1226.75;77
1225.5;1226;1222.5;1224.5;46
1225;1228.5;1225;1228.5;82
1228.5;1230.5;1228.5;1230;74
1230;1231;1230;1231;174
1230.75;1231.5;1229;1229;82
1230;1230.5;1228.5;1230.5;12
1230.5;1230.5;1230;1230.25;32
1230.5;1234;1230;1233.5;113
1233.25;1234;1232.25;1232.5;179
1232.5;1233;1232;1232;23
1231.5;1231.5;1230.5;1231.25;20
1232;1232;1232;1232;2
1232.5;1232.5;1231.5;1232;107
1231;1233;1230;1233;34
1233;1235;1232.75;1233.75;124
1233.5;1234.25;1232.5;1233.25;53
1233.25;1233.5;1232.5;1232.5;26
1232;1232;1229.5;1231;47
1230;1230.75;1229;1230;128
1229.75;1231.25;1227;1231.25;124
1231;1233;1231;1233;36
1232.75;1233;1231.75;1232.5;80
1233.5;1236.75;1233.5;1236.25;145
1235.25;1236;1234.25;1234.25;28
1236;1236;1234.5;1235.5;17
1235.25;1235.25;1231.5;1231.5;33
1231.25;1236;1231.25;1236;141
1236.25;1236.5;1235.25;1235.75;61
1236.5;1238;1235.25;1236.75;103
1235.25;1236.75;1235.25;1235.25;4
1235.25;1235.75;1234;1234.5;154
1237.75;1238.25;1237.5;1238.25;20
1237;1238;1237;1238;3
1238;1238;1236.75;1236.75;4
1237.25;1238.25;1237.25;1238.25;10
1238.25;1238.25;1238;1238;2
1238.75;1240.5;1238.75;1240.25;23
1240.25;1241.5;1240.25;1240.5;22
1240.5;1241;1240.5;1240.75;9
1240;1240;1240;1240;1
1240;1240;1240;1240;3
1240.75;1241.25;1240.75;1241.25;4
1241.5;1242.5;1241.25;1242.25;42
1242.5;1242.5;1241.75;1241.75;7
1238.25;1244.5;1238.25;1243.75;156
1242.5;1244;1242;1243.75;52
1243.75;1243.75;1241;1241;91
1240.5;1242.25;1240.5;1242.25;28
1242.25;1242.75;1239.5;1239.5;130
1241;1244.25;1241;1244;45
1244;1244;1242.5;1243.5;26
1243.5;1244.25;1243;1243;23
1241.75;1244.5;1241.75;1244.5;38
1244.75;1245.75;1244.5;1245.75;46
1245.75;1246;1244.75;1245.25;22
1246;1246;1244;1244;8
1245.5;1245.5;1245.5;1245.5;5
1245.5;1245.75;1245.5;1245.75;15
1245.75;1245.75;1244.75;1244.75;9
1244.5;1244.75;1244.5;1244.75;3
1244.75;1244.75;1244.25;1244.5;4
1245;1245;1244.75;1245;3
1244;1244;1242;1242.5;74
1242.25;1242.25;1241.75;1241.75;37
1242.25;1243;1242.25;1243;36
1242.5;1243;1242;1242.5;12
1242;1243.25;1241.75;1243.25;110
1243.25;1243.75;1243.25;1243.5;14
1244;1245;1244;1244;13
1243.25;1243.25;1242.5;1242.75;8
1244.25;1244.5;1243.25;1243.25;163
1244.25;1248.5;1244.25;1248.5;155
1248;1249;1246.25;1248.5;54
1248;1248.75;1245;1246;83
1246;1246.5;1243.5;1243.5;199
1244.25;1244.5;1243;1243;31
1243.75;1243.75;1240.25;1243;89
1243;1244.25;1243;1243.25;21
1243;1243;1241.5;1241.5;55
1241.5;1242.25;1240.5;1242.25;86
1240.75;1241;1240.5;1241;14
1241.5;1241.5;1240.5;1241.5;5
1241;1241.5;1241;1241.5;3
1240.25;1240.75;1240.25;1240.75;2
1241;1241;1241;1241;1
1240.25;1240.25;1239;1239;46
1239;1240.25;1239;1240.25;9
1239.5;1239.5;1239;1239.25;21
1239;1239.5;1239;1239.5;115
1239;1239;1238.25;1238.25;23
1238.5;1239;1238;1238.75;21
1238.5;1238.5;1237.25;1237.25;77
1237.5;1237.5;1234.25;1235.5;183
1235.5;1236.25;1234.25;1236;89
1236.25;1239.25;1236;1239.25;216
1239;1241.75;1238.25;1239;154
1239.5;1242.25;1239.5;1242.25;31
1242.25;1244.5;1242.25;1244.25;146
1244.75;1245;1242;1242;60
1241.75;1243;1241.75;1242.25;8
1242.25;1242.5;1241;1241;61
1242;1243.75;1242;1242.25;37
1243.5;1244;1243.5;1244;20
1244.25;1244.25;1244.25;1244.25;1
1244.25;1244.25;1243.25;1243.25;12
1244.25;1244.25;1243;1243.75;13
1244.25;1246.5;1244.25;1246;75
1246;1246.75;1245.5;1246.75;27
1246;1246.75;1245.75;1245.75;43
1244.75;1246;1244.75;1245.75;77
1245.25;1261.25;1245.25;1259;1006
1257.25;1270;1257.25;1269;501
1269;1272.75;1266;1266.25;519
1267;1269;1266.25;1269;386
1269.25;1270.25;1265;1269.75;322
1269.75;1272.5;1269.75;1271.25;358
1270.75;1271.25;1268.75;1269.5;58
1269;1272.75;1269;1271.75;82
1272.75;1273;1270.75;1272.75;128
1272.75;1274.75;1271.25;1274;106
1272;1272.25;1269.25;1272;84
1270.5;1273;1269.75;1273;45
1272.75;1277.25;1272.75;1277;211
1275;1276;1274;1275;56
1275;1275.75;1273.25;1273.75;110
1274.75;1277;1274.75;1276;112
1276;1276;1273;1273.5;200
1278;1278;1277.5;1277.5;2
1277.75;1278.25;1276.25;1276.25;17
1278.25;1278.25;1278.25;1278.25;1
1278;1278;1278;1278;1
1277.75;1279.5;1277.5;1279.5;62
1279.5;1280;1279;1280;30
1279.75;1280;1279.75;1280;9
1280;1280;1280;1280;4
1280;1280;1280;1280;17
1279;1279;1278.75;1278.75;3
1277.75;1278.25;1277.5;1277.75;13
1278;1278;1277.75;1277.75;2
1277.75;1278.5;1277.75;1278.5;11
1278.5;1278.5;1278.5;1278.5;11
1277.5;1280;1277.5;1280;13
1279.5;1279.5;1278.75;1279;7
1279.25;1293.5;1279.25;1291.5;359
1290.5;1296;1290;1295;266
1295;1295;1290;1291.25;219
1291;1294;1290.5;1290.5;153
1291;1293;1290.75;1293;64
1292.5;1292.75;1290;1290.5;84
1290.25;1290.75;1288.75;1289;112
1289.5;1290.25;1289.5;1290.25;25
1290.5;1290.5;1287.5;1290.5;177
1290.75;1291;1290.25;1290.75;56
1290;1290;1289;1289;34
1288.75;1288.75;1287.5;1287.75;70
1287.75;1289;1287.75;1288.5;33
1288.25;1289;1288;1288.75;61
1288.75;1290;1288.75;1289;43
1289;1289;1288.25;1288.5;52
1288.5;1288.5;1285.5;1285.5;76
1285.75;1285.75;1283;1283.5;135
1283.5;1284.5;1281.75;1283.5;191
1283;1285.5;1283;1285.5;65
1285.5;1287;1285.5;1286.75;63
1286.75;1289.25;1286.75;1288;58
1288;1288.25;1287;1287;36
1287;1287;1280.5;1282;172
1281.75;1284;1281.5;1284;44
1284.5;1285.5;1284.5;1284.5;33
1284;1286.5;1283.25;1286.5;49
1287;1288;1287;1287.5;25
1286.75;1287;1285;1287;46
1284.75;1284.75;1284;1284;25
1284.5;1285.5;1282.5;1282.5;19
1284.5;1286;1284;1284;28
1284;1284.75;1283;1283.25;56
1284;1284;1277.5;1279.25;195
1279.25;1282.75;1274.5;1278;291
1277;1277;1274.25;1274.25;33
1274;1274.25;1272.5;1272.5;30
1274;1275.25;1273;1275.25;32
1276;1276;1275;1275;9
1275;1275;1274.25;1275;6
1276.25;1276.25;1276.25;1276.25;1
1276.25;1276.5;1276.25;1276.25;7
1276.5;1276.5;1276.25;1276.25;13
1276.5;1277;1276.5;1277;5
1277;1277;1276.25;1276.25;3
1277.25;1277.75;1277.25;1277.75;8
1278;1279;1277;1278.5;41
1278.5;1278.5;1277.25;1277.25;23
1277;1277;1276.5;1276.75;31
1278;1282;1278;1279;161
1278;1278;1273.75;1275.25;88
1274.5;1279.5;1271.5;1277;653
1276.25;1276.25;1270;1270;146
1270;1275;1270;1273;160
1274;1274.25;1271;1272;556
1271.5;1271.75;1267;1267;199
1267.5;1267.75;1262;1265;409
1264.75;1267.75;1263.75;1267.75;87
1266.75;1269.5;1266.5;1268;78
1267.75;1269.5;1267;1268.25;182
1268.25;1269.75;1267.75;1268;35
1267.5;1268;1266;1268;19
1267;1267;1265.75;1266.75;17
1266.75;1267;1265.5;1266;20
1268;1269;1268;1269;14
1269.75;1269.75;1269;1269.75;36
1270;1272.5;1269.75;1270.5;66
1269.75;1272;1269.75;1269.75;42
1269.5;1270.75;1269;1270;30
1270.5;1271;1269.75;1269.75;19
1270.25;1270.25;1266.25;1268;43
1267.25;1268.75;1266;1266;47
1266.25;1266.75;1259.25;1260;385
1260;1262.75;1260;1262.75;124
1262.5;1264.5;1261.25;1261.5;144
1261.25;1264.75;1261.25;1263.75;99
1264.75;1266.75;1264.75;1266.25;96
1266.5;1269.5;1265.5;1265.75;151
1265.25;1268;1265;1267.75;65
1268.5;1268.5;1266;1266;37
1268;1271.75;1268;1270;60
1269;1269.5;1265;1265;107
1265.5;1265.5;1264.25;1265;641
1265;1266.5;1263.75;1266;123
1267.75;1269.25;1267.75;1269.25;19
1269.25;1269.25;1268;1268;3
1269;1269;1269;1269;2
1268.75;1269;1268.75;1269;2
1267.75;1267.75;1267.75;1267.75;1
1266.75;1266.75;1266.75;1266.75;1
1266.5;1266.5;1266.5;1266.5;1
1266.5;1266.5;1266.5;1266.5;2
1267.5;1267.5;1267.25;1267.25;2
1267.25;1267.75;1267.25;1267.75;9
1267.25;1267.25;1267;1267;18
1266.5;1266.5;1266.5;1266.5;2
1266.5;1267.75;1265;1266.75;21
1266.5;1268.25;1266.5;1267.25;45
1267;1269.5;1265;1265;92
1263.75;1265;1260.75;1263.75;295
1264.5;1267.5;1264.5;1267.5;51
1267;1269;1267;1268.25;57
1268;1268;1265;1268;45
1268;1271.75;1267.5;1270.5;218
1270.5;1271;1267.25;1268;50
1267;1270.25;1267;1269;82
1270;1274.75;1270;1273.5;144
1273.5;1273.5;1271.75;1272.5;33
1272.75;1274.25;1272.5;1272.5;270
1273.25;1277;1273.25;1275.5;295
1276.5;1277;1275.5;1275.75;157
1276;1280;1276;1279.5;423
1279.5;1280.75;1278.25;1278.25;188
1278.5;1280.5;1278.25;1280.5;82
1280.25;1280.25;1277.5;1277.5;112
1277.25;1278;1276.25;1276.75;133
1276.75;1276.75;1274;1274;62
1273.75;1275.5;1273.75;1274.75;13
1275;1275;1271.25;1271.25;111
1271;1274;1271;1272.5;81
1273;1274;1272.75;1274;21
1275;1275;1275;1275;19
1275.75;1277.5;1275.75;1276.25;51
1276.25;1276.25;1275.5;1276;7
1276;1280.5;1276;1278.75;293
1279;1281;1279;1280;154
1280;1280.75;1257;1263.25;1903
1263.25;1276;1262;1272;512
1272;1273.5;1268.75;1272;168
1272;1274;1272;1272;163
1272.5;1274;1271.25;1274;52
1273.5;1273.75;1271;1271;7
1272.75;1274;1272.75;1274;18
1273.75;1275.25;1273.75;1274;13
1275;1276.25;1275;1276.25;18
1276.5;1276.5;1275.5;1275.5;8
1275.5;1276;1275.25;1275.25;28
1276.5;1276.5;1276.5;1276.5;1
1276.5;1277;1276.5;1277;5
1276.5;1276.5;1276.5;1276.5;1
1276.75;1277;1276.75;1277;2
1277;1277.75;1277;1277.75;33
1277.75;1277.75;1277.5;1277.5;2
1276.75;1277.25;1276.75;1277.25;2
1277.5;1277.5;1277;1277;9
1280.75;1286.75;1278;1283.5;458
1283.5;1284;1282.5;1284;231
1284;1284;1280.5;1282.5;356
1282.75;1285.25;1282.75;1284;296
1284;1284.5;1283.25;1284;60
1283.25;1283.25;1281.75;1281.75;26
1281.5;1282;1280.25;1280.5;135
1280.5;1282;1280.5;1281.25;268
1281.25;1284.5;1281.25;1283.75;293
1284.25;1285.5;1284;1285.5;48
1284.75;1285;1282;1282;221
1282;1282.25;1281;1281;167
1282;1283.25;1282;1282.75;14
1282.75;1285.25;1282.75;1284.25;77
1284;1284;1282.75;1283.75;19
1284.25;1288.5;1283.5;1287.25;548
1287;1289;1287;1289;95
1288;1288;1285.5;1285.5;24
1285.5;1287.25;1285.5;1287;107
1286.75;1286.75;1286.5;1286.75;8
1287;1288;1286.25;1286.75;30
1287.5;1287.5;1287;1287;4
1286;1288;1285.25;1287.75;19
1287.5;1287.5;1286.5;1286.5;22
1287.75;1290.25;1287.75;1289;634
1289.75;1290.5;1288.5;1289.25;92
1289.25;1290.75;1288.75;1290.5;45
1290.5;1290.75;1289;1289.75;44
1290;1294;1290;1292.25;709
1293;1299;1292.25;1299;455
1297.75;1301.75;1297;1301.75;168
1300.5;1301;1298;1299.75;45
1299.25;1304;1299.25;1303.5;555
1303.5;1306;1303.25;1304;344
1304;1305;1302;1303;431
1303.25;1303.25;1303.25;1303.25;5
1303.25;1304.5;1303.25;1304.5;6
1304.75;1305.75;1304.75;1305;39
1305;1305;1304.5;1304.5;2
1305;1305;1305;1305;10
1304.25;1305;1304.25;1305;16
1304.75;1304.75;1304;1304;4
1305;1305;1304;1304.25;97
1304.25;1304.25;1304;1304;10
1304;1304;1303.25;1303.25;20
1303.25;1304;1303;1303;25
1303;1303;1302;1302;5
1302;1302.5;1302;1302.5;13
1302.75;1304.5;1302.75;1304.5;24
1307.5;1310.5;1307;1307;811
1308.75;1309;1307.5;1307.75;219
1308;1309;1304;1305.5;550
1305.5;1308.25;1304.5;1305.5;157
1304.25;1304.5;1301;1303;132
1303;1303.5;1302;1303;12
1302;1302.25;1300.25;1302;92
1302.75;1302.75;1299.75;1299.75;160
1299;1299;1293.75;1297.25;297
1297.75;1299;1297.75;1297.75;270
1297.75;1299.25;1297.5;1298;110
1298.25;1300;1298;1300;24
1299.5;1300.75;1299.5;1300.75;40
1301;1301.5;1298;1300.5;207
1300.75;1301.75;1300;1301.75;17
1299.25;1301;1299.25;1301;4
1301;1302.5;1301;1301.5;59
1301;1302.5;1301;1301;10
1300.75;1303.5;1300.75;1303.5;338
1304;1305.25;1304;1305;129
1304.5;1312;1304.5;1306;910
1306.25;1307.5;1306;1306;118
1305.5;1309;1305;1306.25;82
1306;1306;1303.75;1304.5;89
1304.75;1307.75;1304;1307;36
1307.75;1309.75;1307.25;1308;126
1307.75;1308;1303;1303.75;143
1304;1304.25;1302.25;1303.5;61
1302.75;1304.25;1302;1303.5;102
1303;1303;1299;1299.75;187
1300.5;1300.5;1295.75;1297.25;370
1298;1299;1296;1297.75;214
1298;1299.5;1296.5;1298.25;21
1298;1298;1296;1296;225
1295.75;1296;1291;1292.5;489
1293;1294;1293;1293.5;18
1293.5;1293.5;1293.5;1293.5;8
1293.5;1293.75;1293.5;1293.75;6
1293.5;1293.5;1293.5;1293.5;1
1293.75;1294;1293.75;1293.75;11
1293.75;1294.5;1293.5;1293.5;3
1293.75;1294.5;1293.5;1293.5;24
1293;1294;1292.5;1292.5;27
1292;1292;1290.5;1290.5;18
1291.5;1292;1291;1291;12
1292.25;1293.75;1291.25;1293.75;36
1293.75;1294;1293.75;1294;8
1293;1293;1292.5;1292.5;7
1292.75;1293;1292.5;1293;6
1291;1291;1280;1285.75;488
1285.25;1286.5;1285.25;1286;177
1285.5;1290.5;1285.5;1290.5;499
1289;1289;1288;1289;39
1289;1290.75;1289;1289.75;135
1289.75;1292.25;1289.75;1292;118
1292;1296;1292;1294.75;376
1294.5;1297.25;1294.25;1297.25;185
1297.25;1297.25;1295.25;1295.5;73
1297;1297;1295.5;1295.5;109
1296;1296;1292.75;1292.75;27
1294.75;1294.75;1292.75;1294;13
1294;1295;1293.25;1293.25;140
1292.75;1295;1292.5;1295;80
1295;1295;1294;1294;55
1293.5;1294;1291;1293.5;84
1293.5;1295;1293.5;1295;30
1295.25;1296;1295;1295.5;141
1295.25;1295.5;1295;1295;51
1295.75;1296.25;1295.5;1296.25;18
1296.5;1302.75;1296.5;1299.25;251
1299.25;1299.25;1294.25;1295.75;164
1294.75;1295;1290.25;1293.5;249
1292;1292.25;1291;1292;38
1291.5;1291.5;1289;1291.5;500
1290;1292.75;1290;1291.5;103
1291;1291.5;1291;1291;11
1291.25;1292;1290.5;1292;10
1292.25;1298.25;1292.25;1296.75;251
1297;1300.75;1296.75;1297;139
1298;1299.5;1295.5;1296.5;67
1296.5;1299;1296.5;1299;66
1298.5;1298.75;1296.5;1298.25;79
1298.5;1298.5;1296;1297.5;7
1297;1298.5;1296.25;1298.5;26
1298;1298;1298;1298;1
1298;1298.5;1298;1298.5;13
1298.5;1298.5;1298.5;1298.5;1
1298;1298.5;1298;1298.5;2
1299.25;1299.5;1298.5;1298.5;13
1298.5;1298.5;1298.5;1298.5;2
1298;1298;1297.5;1297.5;9
1297.75;1297.75;1297.75;1297.75;1
1297.5;1297.75;1297.5;1297.75;6
1297.75;1297.75;1297.75;1297.75;5
1297.75;1297.75;1297.75;1297.75;1
1297.75;1297.75;1297.75;1297.75;2
1297.75;1298.5;1297.75;1298;11
1298;1298.5;1298;1298;11
1302;1304.5;1301.25;1302;131
1301.75;1304.5;1301.75;1304.5;102
1305;1307;1303.5;1303.5;381
1304.25;1305.75;1303;1304;107
1304.5;1305.5;1303.5;1305.5;15
1305.5;1307.25;1305.5;1305.5;101
1305.25;1308.5;1305.25;1308.5;243
1308.5;1308.75;1307.5;1307.5;71
1307.5;1308.25;1306.25;1306.25;54
1305.75;1306;1304.75;1304.75;9
1305.5;1306;1305.5;1305.75;9
1305.75;1305.75;1305.5;1305.5;2
1305;1308;1305;1308;89
1305.75;1306.25;1305.75;1306.25;26
1307;1307;1305;1305;83
1305;1305;1304.5;1304.5;88
1304.5;1307.5;1304.5;1307.5;19
1307;1307;1305.75;1305.75;80
1305.5;1307.5;1305.5;1307.25;15
1307;1307;1306;1306;6
1306;1308.75;1306;1307.75;56
1307.75;1308;1307.5;1308;17
1308;1308;1303.75;1304.5;92
1304;1305.5;1303.25;1304;194
1304;1306;1304;1305;364
1305;1305;1305;1305;31
1304.75;1307;1304.75;1306.75;41
1306.75;1309.75;1306.75;1307.5;247
1308.25;1311;1308.25;1310.5;207
1310;1310.5;1308;1308.75;70
1309.25;1314.25;1309;1312.25;309
1312;1313;1311.5;1312.25;19
1312;1312.75;1311.5;1312.25;153
1312.75;1314.75;1312.75;1313.75;214
1314.25;1315;1314;1314.25;145
1313;1316;1313;1316;9
1314.25;1314.25;1314.25;1314.25;1
1315.5;1315.5;1315.5;1315.5;3
1315.5;1315.5;1315.5;1315.5;7
1315.75;1315.75;1315.75;1315.75;4
1315;1315;1315;1315;2
1315;1315;1315;1315;2
1315.25;1316;1315.25;1316;18
1315.75;1315.75;1315.75;1315.75;1
1316.25;1316.75;1316.25;1316.75;7
1316.75;1318.75;1316.75;1318.75;24
1318.5;1318.75;1318.25;1318.25;10
1318.5;1318.5;1318.5;1318.5;51
1318.5;1319;1318.5;1319;36
1315.5;1319.75;1315.5;1316.5;117
1316.5;1318;1316;1316.5;162
1317.5;1318.5;1315.75;1317.75;483
1317.5;1317.5;1312.5;1313.5;432
1314;1317.25;1313.5;1313.5;81
1313.75;1314.75;1312;1313;635
1314;1314.5;1313.5;1314.5;117
1314.5;1314.5;1311.5;1312;193
1313.25;1314.25;1313;1313;10
1313;1313;1309;1310.5;396
1310.5;1311.75;1310.5;1311;9
1312;1313.75;1312;1313.5;96
1314;1314.5;1313;1314.5;29
1314;1314.5;1313.25;1313.5;55
1313;1313.5;1313;1313.5;81
1314.5;1314.75;1314.5;1314.75;16
1315;1315;1315;1315;28
1314;1315.25;1313.75;1315.25;31
1315.5;1317.5;1315.5;1316.25;80
1316.25;1318;1316.25;1318;36
1318;1318.75;1317.75;1318.25;195
1316.75;1317.5;1316.75;1317.5;11
1316.75;1317;1316.25;1317;36
1317;1317;1315.75;1315.75;13
1316;1316;1308;1308.75;727
1308.75;1311;1306.25;1311;439
1311.25;1311.5;1305;1306.5;699
1306.5;1307.5;1303;1305.5;1321
1306.75;1307.25;1305.5;1307;188
1307.5;1309.75;1307.5;1307.5;382
1307;1310.75;1306.75;1309.75;200
1309.25;1310.25;1308;1308;86
1308.25;1308.25;1302.25;1302.25;463
1302.25;1303.75;1301.5;1302.25;747
1302;1302;1297.75;1298.5;439
1298.25;1298.25;1298.25;1298.25;1
1298.25;1298.25;1298.25;1298.25;3
1298.25;1298.25;1298;1298.25;11
1298;1300;1298;1300;5
1298.5;1298.5;1297.75;1297.75;124
1297.5;1297.5;1296.25;1296.25;191
1296.5;1296.5;1296.5;1296.5;36
1297.75;1297.75;1297.75;1297.75;1
1298;1298;1298;1298;2
1298.25;1298.25;1298.25;1298.25;1
1298.75;1298.75;1296.5;1296.5;34
1297;1297;1292.25;1292.75;66
1292.75;1293.75;1291.25;1293;35
1293;1293;1291.5;1292.25;15
1292.25;1293;1292.25;1292.75;25
1292.25;1293;1291.75;1291.75;53
1295;1296;1291.5;1294.75;267
1294.5;1294.5;1290;1291.25;586
1291.75;1293;1290;1293;334
1292;1293.75;1288.25;1293;259
1292.75;1293.25;1291;1292.75;268
1293;1295.5;1291;1295.5;210
1295;1295.75;1294.25;1295.75;105
1296;1298.25;1294.5;1297;96
1296.5;1297;1296.25;1297;95
1297;1298.75;1296.5;1298;173
1298.25;1299;1294.25;1294.25;135
1294.5;1296;1293.5;1296;30
1296;1297.75;1296;1297;103
1296.25;1296.25;1295.25;1295.25;79
1294.5;1296;1293.5;1296;12
1296.5;1296.5;1295;1295;7
1294.5;1295;1294.25;1295;18
1295;1295.75;1291.5;1291.5;53
1291.5;1292.5;1291.25;1291.25;107
1291;1293.75;1290.75;1293;36
1292.5;1292.75;1292;1292;18
1292;1293;1292;1293;58
1292.5;1296.25;1292.5;1295.25;40
1295.25;1296;1293.75;1293.75;49
1293;1295.25;1293;1295.25;19
1296;1296.25;1295;1295;25
1296;1297.25;1295.75;1296;36
1295.25;1296.25;1295;1295;10
1295.5;1297.5;1295.5;1297;66
1296.75;1299.25;1296.75;1297.5;91
1297.25;1298;1294.75;1295.75;128
1294.75;1300.75;1294.75;1300.75;197
1300.5;1300.5;1297;1297.5;183
1297.5;1299;1297.5;1298.75;79
1298.5;1300;1298.5;1300;200
1299.25;1299.25;1299;1299;15
1299;1300.5;1299;1300;53
1300;1300;1299.5;1299.5;7
1299.5;1300;1299;1299;9
1299;1300;1299;1300;77
1300.75;1300.75;1300.5;1300.75;19
1300.75;1301.5;1300.75;1301.5;23
1301.5;1302;1301.5;1302;12
1302;1303.25;1302;1303.25;54
1302.5;1302.5;1302.25;1302.25;8
1302;1303.5;1302;1302.5;38
1300;1304.75;1300;1301.25;238
1301.25;1303;1300.75;1301.75;123
1301;1301.5;1299.5;1300.75;147
1300.75;1303.5;1300;1303;85
1302.25;1302.25;1295.5;1296.5;148
1296;1298;1295.5;1297.25;202
1297;1297;1285.25;1288.75;1229
1288.25;1288.75;1285.75;1288;252
1287.5;1290.5;1286.75;1287.25;420
1288;1289.75;1287.25;1288;311
1288;1288.25;1286.5;1288;173
1288;1288.5;1287.25;1288.5;114
1289;1292.5;1289;1290;163
1291;1291;1289;1289.25;76
1289.25;1293;1288.5;1292.75;141
1293;1293.5;1291.5;1293.5;116
1293.5;1293.5;1291.25;1291.25;39
1290;1291;1289;1290.25;147
1289.75;1291;1289.75;1291;22
1290.25;1291.25;1290;1290.75;23
1291;1293.25;1290.75;1290.75;142
1291;1292.5;1289.75;1292;116
1292;1294.5;1291.75;1294.5;177
1294;1294.75;1292.75;1294.25;112
1294.75;1296.5;1292.75;1292.75;179
1293.75;1295;1292;1293;42
1293.25;1293.75;1289;1291.25;123
1290.25;1291.5;1289.75;1291.5;61
1291.5;1294.5;1291.5;1294;352
1294;1294;1291;1293.75;93
1293.75;1294;1292.25;1293.25;71
1292.25;1292.25;1287.75;1288.25;160
1288.75;1291.75;1287;1290;481
1290;1292.5;1289.75;1291.5;117
1293;1296.5;1292;1295.25;173
1294;1295;1294;1295;17
1295;1295.75;1294.25;1295;19
1294.5;1294.5;1294.5;1294.5;1
1295;1295.5;1294.25;1294.25;27
1295.25;1295.25;1295.25;1295.25;1
1295.25;1295.25;1294.75;1294.75;13
1295.5;1295.5;1295.5;1295.5;2
1294.75;1296;1294.75;1296;22
1295.5;1295.5;1295.5;1295.5;2
1295.75;1295.75;1295;1295;13
1294.75;1295;1294.75;1295;4
1294.5;1294.75;1294.5;1294.75;5
1296.25;1297;1294.5;1294.5;86
1294.5;1294.5;1291;1293.5;200
1294.25;1300.25;1292.75;1299.25;472
1299.25;1300;1297.5;1300;242
1299.5;1302.25;1299;1299.5;415
1299.75;1301;1299;1301;204
1301;1305.5;1301;1303;358
1302.75;1303.75;1301.75;1303.75;102
1303.75;1305.5;1303.75;1304;128
1304;1305.5;1303;1305.25;161
1304;1305;1302;1302.5;44
1302.75;1303.5;1302.5;1303.25;88
1303;1303;1302.25;1303;12
1302.75;1303.75;1302.75;1302.75;10
1303;1303.75;1303;1303.5;13
1303.5;1304.5;1303.5;1304.5;64
1303;1303;1302;1302;3
1302.5;1302.75;1302;1302.75;132
1303;1303;1302.5;1302.75;10
1302.5;1304.25;1302.5;1304.25;112
1303.5;1303.75;1302.75;1302.75;57
1302.5;1304.75;1302;1304.75;122
1304.25;1308.25;1304.25;1306.5;399
1306.75;1314;1306.75;1314;579
1313.75;1314;1309.5;1311;295
1311;1311.5;1310.75;1310.75;130
1310.75;1312;1310.25;1311.5;106
1310.75;1311;1305;1307.5;214
1307.5;1310.5;1307.25;1309.75;186
1309.75;1311.25;1309.25;1310.5;173
1309.75;1313.75;1309.75;1311.5;331
1311.25;1312.75;1310.75;1312.5;79
1312.5;1319.25;1312.5;1318.75;645
1317.75;1319.25;1317.25;1318;311
1318;1322.75;1316.75;1321;476
1321;1323;1321;1322.5;9
1322;1322.75;1322;1322.75;19
1322.5;1322.5;1321.75;1321.75;4
1322.25;1322.25;1322.25;1322.25;2
1322.25;1322.25;1322.25;1322.25;1
1322.25;1322.25;1322.25;1322.25;1
1322.25;1322.5;1322.25;1322.5;6
1322.5;1323.25;1322;1323.25;52
1323.25;1323.5;1323.25;1323.5;8
1323.5;1323.5;1323.25;1323.5;22
1323.5;1323.5;1323.25;1323.25;11
1322.5;1323.75;1322.5;1323.75;10
1323.75;1323.75;1323;1323;8
1323.25;1323.5;1322.25;1322.5;20
1322.5;1331.75;1318;1319.5;237
1321;1321;1320.25;1321;140
1321;1321;1318;1319;447
1319.25;1320.75;1318.25;1319;422
1320;1322;1319.75;1321;526
1321;1321.75;1320.5;1321.75;113
1322;1327.25;1322;1323.75;502
1323.75;1324;1322.25;1322.25;271
1323.75;1323.75;1321.5;1322;102
1321.75;1322;1320;1320.25;443
1320.5;1321;1320.25;1321;22
1320.5;1322.5;1320.25;1322.5;265
1322.75;1322.75;1321;1321.25;6
1321.25;1321.25;1320.5;1321.25;22
1322.25;1323;1322.25;1323;161
1323;1323.5;1321.75;1323.25;40
1323;1325;1323;1324.25;426
1324.75;1325.5;1323.5;1325.25;149
1325.75;1328.5;1325.5;1327.75;391
1327.25;1328;1326;1328;267
1327;1327.25;1325.75;1326.75;57
1327;1327.75;1327;1327;22
1327;1327;1325;1325;156
1325;1325.75;1324.25;1325.75;72
1325.75;1326.25;1324;1325;139
1326;1326.5;1325;1326.5;63
1326.75;1328.25;1325.5;1325.5;191
1325.75;1326.5;1321.5;1322.5;522
1322;1323.25;1321;1321.5;339
1321;1322;1320;1321.5;415
1321;1324;1321;1322.75;303
1323.25;1324;1322.25;1322.25;54
1321.75;1323;1321.75;1322.5;105
1322.75;1326;1322;1324.5;230
1324.5;1324.5;1323;1324.25;287
1323;1323;1323;1323;1
1323;1323;1323;1323;2
1324.5;1324.5;1324.5;1324.5;1
1324.5;1324.5;1324.5;1324.5;1
1324.5;1324.5;1324.5;1324.5;2
1324.75;1324.75;1324.75;1324.75;10
1325;1325;1325;1325;19
1324.75;1324.75;1324.75;1324.75;1
1324.5;1324.5;1324.5;1324.5;11
1324.5;1324.5;1324.5;1324.5;1
1323;1323.25;1323;1323.25;2
1321.25;1322.25;1319.75;1320.5;178
1320.25;1322;1320;1320.75;362
1320.5;1321.25;1315.25;1319;849
1319.25;1319.75;1313.5;1314.5;334
1315;1318.25;1312.75;1317.5;362
1316;1317.25;1315.75;1317.25;52
1316.5;1317.25;1316.25;1316.25;27
1316.75;1316.75;1312.25;1313.75;179
1315;1316.5;1314.25;1316.25;20
1315.5;1317;1315.5;1316;35
1316.5;1317;1315.5;1316.5;24
1315.75;1316.5;1315.75;1315.75;93
1315.75;1315.75;1315;1315.25;30
1315;1316.25;1314.25;1316.25;111
1315.75;1316.75;1312.5;1312.5;484
1312.5;1314.75;1312;1313.75;395
1313.25;1314.25;1313;1313.25;52
1313;1315.25;1313;1313.75;37
1314;1314;1313.5;1313.5;40
1313.25;1313.75;1312.25;1313.75;100
1314;1315.75;1314;1315.75;38
1315.5;1315.5;1315;1315;22
1315;1316.25;1315;1315.75;115
1315;1315;1314.75;1314.75;9
1314.5;1314.5;1313;1313;22
1313;1313.5;1312.25;1312.75;30
1312.5;1312.5;1308.25;1311.25;394
1310.75;1311.25;1309.25;1310;95
1309.75;1309.75;1306.5;1308;313
1307.25;1309;1307.25;1309;95
1309.5;1310.5;1306;1306;367
1306;1308;1305;1307.75;99
1307.25;1310;1306.5;1309.5;192
1309.75;1310.25;1309;1309.25;27
1309.25;1309.5;1306.5;1307.75;90
1306.5;1306.5;1306.5;1306.5;5
1306;1306;1306;1306;1
1306.5;1306.5;1306.25;1306.25;3
1306;1307;1306;1307;6
1306.5;1306.5;1306.5;1306.5;2
1306.5;1306.5;1306.5;1306.5;1
1307.25;1307.25;1306.5;1306.5;2
1306.5;1307.75;1306.5;1307.75;9
1307;1307.75;1307;1307;25
1307;1307;1307;1307;15
1306.75;1306.75;1306.75;1306.75;1
1307.5;1308;1307.5;1308;19
1308.25;1308.25;1308;1308;2
1308;1308;1307.5;1307.5;16
1311.5;1311.5;1308;1309.75;47
1309;1310.25;1308.75;1309.5;145
1309.5;1311.5;1308.75;1310;253
1309;1309;1303.75;1306.25;450
1305.75;1308.5;1305.5;1308.5;55
1308.25;1308.5;1306.5;1308.5;69
1309;1310.5;1308.75;1309.5;204
1309.75;1316.5;1309.75;1316.5;404
1316.5;1320.25;1315.5;1317.5;776
1316.75;1317.25;1316;1316.25;157
1316.25;1317;1315.75;1316.75;44
1316.75;1317.25;1314.75;1316.5;118
1316.5;1316.5;1313;1313.75;121
1314;1318.25;1313;1317.75;358
1318;1318;1315;1316.5;117
1314.75;1316.75;1314.5;1315.75;69
1314.75;1316;1314.5;1314.75;172
1314.75;1316.25;1314.75;1316.25;53
1314.75;1315.5;1314;1314.5;272
1314.5;1316.75;1314.5;1316;186
1316;1317;1315.25;1316;154
1315.5;1315.5;1313.25;1315.25;200
1315.25;1316.5;1315;1316.5;20
1315.25;1316.75;1315.25;1316.75;26
1316.5;1319;1316.5;1316.5;460
1317;1322.25;1317;1321.75;981
1322;1322.5;1320;1320.5;272
1320.75;1321.25;1320;1320;24
1320;1322.5;1320;1322.25;206
1322;1325;1322;1324.75;787
1325;1329.25;1324.75;1326.5;804
1326.75;1328.5;1326.25;1326.5;82
1327;1327.25;1325;1326;239
1326.25;1328.75;1326.25;1328.25;235
1328.25;1332;1326;1330.75;721
1330;1330.5;1330;1330.5;4
1330.25;1330.25;1329.75;1329.75;42
1329;1329;1328;1328;5
1329;1329.25;1329;1329.25;3
1329.25;1329.25;1329.25;1329.25;9
1329.25;1329.25;1329;1329;2
1329;1329;1329;1329;6
1329;1329.5;1329;1329.5;9
1329.5;1329.5;1329.5;1329.5;1
1329.25;1329.25;1328.5;1328.5;10
1328.5;1328.5;1328.5;1328.5;2
1329;1329.75;1329;1329.75;11
1329.25;1329.25;1329.25;1329.25;5
1329.25;1329.5;1329.25;1329.5;6
1329.25;1329.25;1327;1327;154
1326;1326.5;1321.75;1323.5;334
1323.5;1324;1322;1322;458
1322;1326;1320.5;1324.5;1495
1324.5;1325;1322.5;1322.75;276
1322.5;1322.5;1320.5;1320.5;545
1321;1322;1318.75;1319.75;812
1319.75;1319.75;1316;1317.75;470
1318;1318;1313.5;1314;382
1314;1315;1312;1314.5;480
1314.25;1315.5;1314;1315.25;230
1315.75;1317;1314.75;1316.25;168
1316;1317;1315.75;1316.5;216
1316.5;1316.5;1315;1315.75;97
1315.75;1317.5;1315.75;1316.5;88
1316.25;1318.25;1316.25;1317.25;224
1317.25;1317.5;1316.75;1316.75;52
1317.5;1317.75;1317;1317;29
1316.75;1316.75;1316.25;1316.5;21
1316.5;1318.25;1316.5;1317.25;78
1317.75;1318.5;1317.25;1317.75;75
1317.25;1317.25;1314;1315.25;306
1315;1315.5;1313.75;1314.75;232
1315.25;1315.25;1308.5;1310.5;1009
1309.75;1311.25;1308.75;1310;490
1310;1311;1308;1310.5;305
1310;1311;1310;1310;54
1310;1310.75;1309;1309.25;192
1309.25;1310.75;1307.25;1310;314
1309.75;1313;1309.75;1312.25;820
1312.75;1317.25;1312.75;1315.5;616
1316;1317;1312.5;1312.75;180
1313.75;1317.25;1313.75;1316.75;393
1316;1318.5;1314.5;1318.5;395
1318.75;1320.75;1316;1316;394
1316.25;1317.25;1315;1316.25;183
1316.75;1316.75;1316.25;1316.25;6
1315;1315;1314.75;1314.75;2
1316;1316;1316;1316;1
1316;1316.25;1316;1316.25;5
1316.25;1316.25;1316.25;1316.25;4
1316.25;1316.25;1316.25;1316.25;2
1316.25;1316.75;1316.25;1316.75;4
1316.75;1316.75;1316.25;1316.25;40
1316.25;1316.75;1316.25;1316.75;31
1316.75;1316.75;1316.75;1316.75;4
1316.5;1316.5;1316.5;1316.5;3
1317;1318.5;1317;1317.75;43
1318;1319.5;1318;1319.5;105
1319.25;1319.5;1319;1319.5;28
1318.5;1319;1318.25;1319;17
1319;1319.75;1318.25;1319;163
1319;1322;1318.5;1320.75;293
1320.75;1322;1319.25;1320.5;193
1321;1322.75;1320.25;1322.25;215
1321.75;1322.25;1319.25;1321.75;165
1321.25;1322.5;1320.5;1322;247
1322.25;1324;1321;1321.5;304
1321;1321.75;1320.5;1321.5;151
1321;1321.75;1320.25;1321.25;242
1321;1321.75;1320.25;1321.5;111
1321.25;1321.5;1320.5;1321;18
1320.5;1321;1320;1320;220
1320;1321;1319.5;1321;209
1321;1321.25;1320;1321;142
1321;1321.25;1320;1320.25;73
1320;1322;1320;1322;144
1322;1324.25;1321.5;1324.25;512
1324.5;1326;1322.75;1323.5;683
1324;1324.25;1323;1323;82
1322.75;1322.75;1312.5;1316.5;824
1316;1318;1314.25;1316.5;1005
1316.5;1317.5;1314.25;1314.25;476
1314.75;1316.5;1314.25;1316.5;306
1316;1318.25;1315.5;1317.5;421
1317.25;1319;1316.75;1316.75;283
1316.75;1319;1316.75;1318;202
1318.25;1323;1318.25;1321;1309
1321;1323;1321;1322;358
1322.5;1329;1322.25;1328.5;1507
1328.5;1331.25;1327.75;1329.75;837
1329.75;1331.25;1328;1329.75;171
1329.25;1330.5;1328;1330;486
1329.25;1331;1329;1330.5;351
1330.75;1332;1330;1330.25;585
1330.5;1331.5;1329;1330.5;506
1329;1330;1329;1330;2
1329.75;1329.75;1329.75;1329.75;1
1328.75;1328.75;1328.5;1328.5;20
1328.5;1329;1328.5;1328.5;11
1328.5;1328.5;1328;1328.5;15
1328.5;1328.5;1328.5;1328.5;1
1328.75;1329;1328.75;1329;11
1329;1329.25;1329;1329.25;6
1328.75;1329.25;1328.75;1329.25;4
1329;1329;1328.75;1328.75;2
1328.75;1328.75;1328.75;1328.75;2
1329;1329;1328.75;1328.75;2
1329;1329;1328.75;1328.75;58
1328.75;1329.25;1328;1328.5;35
1331.5;1333;1329.5;1331.5;227
1331.25;1333;1331.25;1332.5;400
1332;1334.25;1331.25;1333;474
1333.25;1334.25;1331;1334.25;363
1334;1334;1331.5;1332;429
1332.25;1332.75;1332;1332.75;148
1333;1335.75;1333;1335.5;498
1335.75;1336.75;1335;1335;238
1335.5;1336.25;1335;1335.75;48
1335.75;1337;1335.75;1337;417
1337.25;1338.5;1337.25;1337.75;416
1337.75;1339.25;1337.75;1339.25;256
1339.25;1342;1339;1340;1832
1340;1340;1339.25;1339.25;442
1339.25;1340;1338.75;1339.5;304
1339.5;1340;1339.5;1339.5;415
1340;1340;1339.25;1340;210
1339.5;1341;1339.5;1340.75;188
1340.75;1342;1340.5;1341.75;254
1341.5;1341.5;1338.5;1338.75;273
1338.5;1339;1337.75;1338.75;194
1339;1340;1338.5;1339.5;361
1338.75;1340.5;1338.75;1340.5;58
1341;1341;1339.75;1340.5;54
1340.25;1340.5;1339.25;1339.25;135
1339.75;1340;1339;1339.25;133
1339.5;1342;1339.25;1341.75;993
1341.75;1344.5;1341.5;1341.5;816
1341.5;1342.5;1340;1340.25;216
1340;1342.75;1339.75;1342.75;254
1341.75;1341.75;1338;1339.5;291
1340;1344;1339.75;1344;1078
1343.75;1345;1341.25;1341.5;675
1342;1342.5;1340.5;1342;655
1342;1342.75;1341;1342.25;600
1341.5;1341.5;1341;1341;2
1341;1341;1341;1341;3
1340.75;1340.75;1340.25;1340.25;3
1340.75;1341.25;1340.75;1341.25;2
1341;1341;1340.75;1340.75;3
1340.5;1340.5;1340;1340;11
1340;1340;1338.25;1338.5;79
1338.5;1338.5;1337.75;1338;129
1338.25;1338.25;1338.25;1338.25;14
1338.25;1338.5;1337.5;1338.5;19
1338;1338.75;1337.5;1337.5;14
1337.75;1337.75;1337.25;1337.75;18
1337.75;1337.75;1337.25;1337.75;36
1337.75;1338.25;1337.75;1338;29
1337.75;1339.5;1337.5;1339.5;44
1341;1341;1337.75;1339;133
1339.25;1340.25;1338.75;1340;41
1340;1342.5;1338;1340;294
1340;1340.25;1335;1337.75;559
1337.75;1338.5;1337;1338.5;358
1338.25;1338.25;1336.25;1337;165
1336.25;1339;1335.5;1337.75;221
1337.75;1341.5;1337.75;1340;294
1340;1341;1339.25;1340;965
1339.75;1340.75;1339.25;1340.25;38
1339.75;1341;1339.75;1340.75;218
1340;1341.25;1340;1341.25;136
1341.25;1341.25;1340.5;1341;33
1340.75;1340.75;1340;1340.25;83
1340.75;1341.5;1340;1341;326
1341;1345;1340.25;1344;816
1344.25;1347.5;1344.25;1346.5;519
1346;1346;1342.75;1342.75;444
1343;1343;1339;1340.25;352
1339.75;1340.5;1336;1336.5;658
1336.25;1339;1336.25;1339;293
1339;1340;1338.75;1339.5;203
1339.25;1339.25;1338;1338;37
1337.75;1338.25;1335.25;1336.75;188
1337.5;1341.75;1337.5;1341.25;286
1341;1341;1340;1340.5;112
1340;1342.5;1340;1340.5;281
1341;1341;1339.5;1340.25;161
1340.25;1344;1340.25;1343.5;669
1343.75;1346.5;1343;1346.5;731
1346.5;1348.5;1345;1346.75;753
1346.75;1346.75;1344;1346;101
1346;1347.5;1345.5;1346;119
1346;1346.75;1345;1345.25;64
1344.75;1344.75;1342.5;1343;300
1345;1345;1343;1343.25;6
1343.25;1343.25;1343.25;1343.25;1
1343.25;1345.75;1343.25;1345.75;50
1345;1345.75;1344;1344;74
1345.5;1346;1345.5;1346;3
1345.25;1345.75;1345;1345;8
1345.25;1345.25;1345.25;1345.25;4
1345.5;1345.5;1344.75;1344.75;5
1344.75;1344.75;1344.75;1344.75;1
1345;1345;1345;1345;2
1344.75;1345;1344.5;1345;9
1344.5;1344.5;1343.75;1343.75;13
1343.75;1343.75;1343;1343.5;17
1343.5;1343.5;1343.5;1343.5;1
1344.25;1344.25;1344.25;1344.25;1
1345;1350.25;1345;1349.25;458
1349.75;1353;1349.75;1352.25;556
1352;1352;1349.75;1350.75;241
1351.25;1351.25;1349.75;1350;277
1349.75;1352;1349.25;1349.25;315
1349.5;1350;1347.5;1348.5;304
1348.5;1350;1348.5;1350;128
1349.75;1350.75;1347.5;1348.75;190
1348.5;1350.5;1348.5;1349.5;153
1350;1350.25;1349.25;1350;137
1350;1351.5;1349.25;1350.25;442
1350;1352;1349.5;1350.25;346
1350.25;1353.5;1350;1353;240
1353;1353;1350.5;1351.5;127
1351.5;1352.5;1351.25;1352.5;40
1352.25;1354;1351.5;1353;351
1353;1353;1351.5;1351.5;218
1351.5;1353.75;1350.75;1350.75;197
1350.5;1353.5;1350.5;1352;115
1352;1352;1350;1350;150
1350.5;1351.25;1348.25;1349;645
1349.5;1350.25;1346.75;1348.25;740
1348.5;1349.75;1348.25;1348.5;153
1348.25;1351;1347.75;1351;428
1351;1351.5;1350;1351.5;296
1350.5;1352.75;1350.25;1350.5;201
1350.5;1350.5;1346.75;1346.75;435
1346.75;1349;1346.5;1346.5;160
1347;1349.75;1347;1348;384
1349;1352.5;1348.5;1352.25;404
1352;1352.75;1350.5;1351.75;314
1351;1351.75;1350.25;1350.25;138
1351;1355;1351;1353.75;550
1353;1354.25;1352.5;1352.75;294
1353.25;1353.25;1351;1351.25;198
1354.25;1354.25;1352.25;1354;20
1353.75;1355;1353.5;1354.5;58
1354.5;1354.5;1352;1352;16
1352;1352;1351;1351;34
1353;1354.5;1353;1353.5;40
1351.25;1351.25;1351;1351;5
1352;1353.25;1352;1353.25;3
1353.25;1353.25;1353.25;1353.25;7
1353.25;1353.5;1353.25;1353.5;9
1353.5;1353.5;1353.5;1353.5;3
1353.5;1354;1353.25;1354;10
1354.5;1354.5;1354;1354;9
1354;1354.5;1353.75;1354.25;12
1354.25;1355.5;1354.25;1355;93
1355;1355.75;1354.5;1354.5;67
1353.25;1354.25;1350;1353.75;442
1354;1354.5;1352.25;1352.25;100
1352.25;1352.5;1349;1351.5;588
1351;1352.5;1350.25;1350.75;461
1350.25;1351;1349.75;1350.5;807
1350.25;1351.5;1347;1351.5;807
1351;1352;1350;1350.25;97
1350.5;1351.75;1350;1351.75;484
1352;1352;1350;1350.5;271
1350;1351.25;1349.25;1351.25;1465
1350.75;1350.75;1349.5;1350.75;346
1350.5;1352;1349.5;1352;497
1352;1352.75;1350.75;1351.5;2095
1351;1352;1350.75;1351.5;251
1351.25;1353;1351;1352.75;470
1352.75;1353.75;1351.5;1352.25;258
1351.75;1352.75;1351.5;1352;167
1351.75;1352;1346.5;1349;2222
1350.25;1350.25;1325;1334.5;8116
1334.75;1336.75;1332.5;1335.5;2249
1335.5;1337;1334;1335.5;1204
1336;1339;1336;1338;865
1338.5;1339;1335.75;1336.25;759
1336.5;1339;1336.25;1337;448
1337;1337.25;1331.25;1334;1394
1333.5;1334.75;1332.25;1333.75;224
1333.75;1334.5;1332;1333.25;572
1333;1334.75;1333;1333.75;813
1333.75;1337.5;1333.75;1337.5;1080
1337.75;1337.75;1335.5;1337.5;1540
1338;1339;1336.25;1337;1021
1336.25;1336.25;1333.75;1334.75;734
1335;1335.5;1333.75;1334.5;459
1334.25;1334.75;1332.75;1334;1021
1334;1334;1331.75;1334;756
1331.5;1334;1331.5;1333.25;18
1333;1333;1333;1333;1
1333;1333;1332.75;1332.75;101
1333.25;1333.25;1332.75;1332.75;36
1333.25;1333.25;1333;1333;10
1333.25;1333.5;1333;1333;59
1333.5;1333.75;1333.5;1333.75;49
1333.25;1333.5;1333.25;1333.5;18
1333;1333.5;1333;1333.25;34
1333.5;1334.25;1333.5;1334.25;18
1334;1334;1334;1334;7
1334;1334;1333.5;1333.5;8
1333.5;1333.5;1333.5;1333.5;18
1333.25;1333.25;1333.25;1333.25;17
1333.25;1334;1333.25;1334;12
1333.75;1333.75;1330;1330.5;323
1332.5;1333.5;1330;1331.25;512
1330.25;1331.75;1330.25;1331.5;364
1331.5;1334;1329.5;1330.5;3281
1330.5;1332;1328.5;1330.25;2153
1330.75;1336;1330.75;1333.75;2981
1333.75;1334.25;1332.25;1333;577
1333;1336;1330;1330;2966
1330;1334;1330;1330;1219
1330.25;1332;1329;1329.25;2240
1329.25;1329.25;1326.25;1327.25;1139
1327.5;1327.5;1322.5;1325.5;1039
1325.5;1327.25;1325;1325;831
1325;1326;1324;1324.25;1145
1325;1326;1324.25;1325.25;499
1324.75;1326.25;1324.75;1325.25;631
1326.25;1328.25;1325.5;1327.75;1634
1327.5;1329;1325.75;1327;1931
1327;1329.25;1324.75;1326.5;2576
1327;1327;1324.75;1325.75;835
1325.25;1327;1325;1326.25;531
1326.25;1326.5;1325;1326;317
1325.75;1326.25;1324.75;1326;455
1326;1326;1323.5;1324.5;684
1324.25;1325.75;1324;1324.75;487
1324.25;1325.75;1323.5;1324.25;2167
1324.5;1325.75;1322.5;1324;2799
1324;1325.75;1322.25;1322.25;3917
1322.25;1322.25;1317.75;1319.25;2332
1319;1320.25;1316;1316.75;1829
1316.75;1316.75;1312.5;1316.75;3801
1315.75;1317.5;1313.75;1316;3090
1316;1317;1314.75;1317;1286
1317;1319.5;1316;1317.75;2262
1318.25;1321.75;1317.25;1320.5;2265
1320.5;1321;1318.75;1320.5;1348
1320.5;1321.5;1319.25;1319.25;82
1319;1319;1318;1318.75;83
1318.5;1318.5;1318.25;1318.25;32
1318.5;1318.5;1318.25;1318.25;27
1318.25;1318.75;1318.25;1318.5;15
1318.25;1318.5;1318;1318;208
1318.25;1318.25;1318.25;1318.25;28
1318.25;1318.25;1318.25;1318.25;2
1318.5;1319;1318.5;1319;30
1319;1319.5;1318.75;1319.5;22
1319.5;1319.5;1318.5;1318.5;29
1318.5;1318.75;1318.5;1318.75;84
1318.75;1319.25;1318.75;1319.25;21
1319.25;1319.25;1318.75;1319;7
1319;1319;1318.5;1318.75;39
1318.75;1319.25;1318.5;1319;73
1318.75;1318.75;1304;1308.5;3229
1308.5;1309.25;1307.75;1309.25;3569
1309;1309;1299.75;1302;6886
1302;1303.75;1300.75;1301;2154
1301.25;1303;1300.25;1302;1610
1302;1304.5;1300.5;1300.75;3603
1301;1302;1299.75;1302;2507
1302;1303;1300.75;1301;2905
1301;1304.5;1300.5;1303.75;2107
1303.75;1303.75;1301;1301;1341
1301.25;1303.25;1300.5;1302.75;3471
1302.5;1306;1302.5;1305.75;3288
1305.75;1306.25;1303.5;1303.5;7270
1303.25;1304;1301.5;1302.75;6618
1302.5;1303.5;1301.5;1302;1212
1302;1303;1301.25;1302.25;1875
1302.25;1303.25;1300.5;1301;1155
1301.25;1304;1301;1302.25;3294
1302.25;1304.25;1302;1302.75;3523
1303;1303.5;1300.75;1301.75;4712
1301.75;1301.75;1300;1300.25;2768
1300.5;1302.5;1295.25;1295.25;6380
1295.25;1297.5;1289;1290.25;10706
1290.5;1291.75;1287.5;1291;6951
1290.75;1291.5;1287.5;1289;5680
1289;1290.5;1278.25;1278.75;8266
1279;1284;1278.25;1280.25;7392
1280.25;1286.25;1279.5;1286.25;6540
1285.75;1287;1283.5;1284.75;4848
1285;1287;1281.75;1282.5;7045
1282.75;1287.25;1281.25;1286.25;6277
1286.25;1288.5;1285.25;1285.5;6885
1285.25;1285.5;1276;1277;6540
1277.25;1277.75;1269;1274;7839
1274.5;1276.75;1270.25;1276.25;6756
1276;1276.75;1274.75;1274.75;139
1274.75;1274.75;1274;1274.5;76
1274.5;1274.5;1274;1274.25;120
1274;1274;1273.25;1273.75;106
1273.75;1273.75;1272.5;1273.5;235
1273;1273;1271;1271;378
1271;1271.5;1270.75;1271.25;231
1271.5;1272.5;1271.5;1272.5;115
1272.5;1272.5;1272.25;1272.25;50
1272.25;1272.25;1271;1271.25;155
1271.75;1273;1271.75;1272.5;114
1272.25;1273.5;1272;1273.25;141
1273.25;1273.5;1271.75;1271.75;54
1271.75;1272;1271.25;1271.25;212
1271.75;1272.75;1271.25;1271.25;82
1271.25;1272.75;1271.25;1272.75;406
1274.75;1276.75;1270;1273.5;4097
1273.5;1273.75;1269;1269.75;4652
1269.75;1277.75;1265.5;1270.25;10342
1270.75;1276.75;1270;1275.25;4750
1275.25;1275.75;1273;1275.5;3092
1275.5;1279;1271.5;1272;7845
1272;1273.25;1269.25;1271.25;6255
1271;1272;1267.5;1268.5;9467
1268.75;1270;1266.75;1267.75;6438
1268;1272.75;1267.75;1270;10429
1270.25;1271.75;1267.5;1269;6843
1269.25;1271.5;1268.5;1270.75;3949
1271.5;1274.25;1269;1270.25;6074
1270.25;1270.75;1265;1268.75;11068
1268.5;1273.75;1268.25;1273.5;6701
1273.5;1275.75;1273;1273;6790
1273.25;1274;1270.5;1272.25;5792
1272.5;1274.25;1270;1271.75;3851
1272;1273.25;1270.75;1273.25;5235
1273.25;1275.25;1272.5;1273;4498
1273.25;1274.5;1271.5;1274.25;4638
1274.25;1276.5;1274.25;1274.75;5639
1274.5;1277.5;1274.5;1275.75;6673
1276;1276.25;1272.5;1273;4958
1273.25;1274.25;1269;1269.25;7491
1269.25;1269.5;1265;1265.5;8240
1266;1267;1263.25;1264.25;7196
1264.25;1267.5;1261.25;1261.25;12598
1261.5;1262;1256.25;1259.25;13299
1259;1259.25;1257;1259;9985
1259;1262;1258.25;1258.75;6985
1258.25;1260.75;1255.5;1257.75;9715
1258;1262.25;1257;1262.25;6813
1261.75;1268.25;1261.75;1267.75;4865
1268;1274.5;1267;1272.75;10759
1271.75;1275;1271.75;1274;383
1273.5;1274.5;1273.5;1273.75;216
1273.75;1273.75;1272.25;1272.5;262
1272.25;1272.75;1272;1272.5;148
1272.5;1272.75;1272.5;1272.75;84
1273;1274.25;1273;1274;421
1274;1274.25;1273.75;1273.75;157
1273.75;1273.75;1273.5;1273.5;19
1273.25;1273.5;1272;1273;228
1273;1273.25;1272.25;1273;124
1273;1273;1272.25;1272.5;83
1272.5;1272.5;1272.25;1272.25;46
1272.25;1272.25;1271;1271.5;451
1271.5;1271.75;1271;1271.25;237
1271.5;1271.75;1271.25;1271.25;228
1271.5;1271.5;1270.75;1271;517
1272.75;1272.75;1261.75;1265.25;3915
1265.5;1266;1264.25;1264.5;3513
1264.5;1265.75;1262;1264.75;7901
1264.75;1265.5;1260.5;1263.25;3190
1264;1264;1261.75;1262.75;4603
1263;1265;1260.25;1260.5;5115
1261.75;1262.5;1257.5;1258.25;6792
1258;1258.5;1250;1252;9134
1252;1252.5;1246;1248;9745
1248;1252.25;1246.75;1251;8948
1251.75;1251.75;1249.25;1250.5;5161
1250.75;1251;1243.25;1245.75;6348
1245.25;1245.25;1241.25;1242.75;9693
1240.75;1240.75;1211.25;1220.5;14264
1220.5;1222;1220;1220.5;5819
1220.5;1223.25;1217.25;1221;24351
1220.75;1223.25;1216.75;1218.5;15545
1218;1223.5;1215.75;1221.25;21468
1221.25;1223;1220.5;1221.75;8744
1222.25;1223;1220;1221.75;10174
1221.75;1224;1219.25;1222;12653
1222.25;1222.75;1219.75;1221.5;5342
1221.5;1221.5;1217.25;1219;9878
1218.75;1219.5;1214.5;1217.5;10685
1218;1219.75;1217.5;1219;3223
1219;1221.25;1218;1219.25;8201
1219.25;1221.5;1219;1219;4173
1219;1219.75;1217;1218.25;4280
1218.25;1220.5;1217;1220.5;4402
1220.5;1224.25;1219.5;1222.25;14008
1222;1224.5;1221.5;1223.75;7240
1224.25;1229.5;1224.25;1227;13976
1227;1227.5;1224.75;1224.75;4498
1224.75;1225.75;1224;1224.75;3756
1224.75;1225;1220.75;1222.5;6741
1222.25;1222.5;1216.5;1217.5;10289
1218;1218.25;1211.25;1216;15254
1216;1217.25;1212;1216.75;10107
1216.75;1225.5;1216;1224.25;17061
1224.25;1224.5;1220.25;1221;8528
1221.25;1223;1218.75;1219.5;7390
1219.5;1221.75;1218;1220.25;8692
1220.75;1221;1217.25;1217.75;6636
1217.75;1221.25;1216.5;1220.75;7381
1220.75;1222;1218;1218.5;6902
1219;1228.25;1218.5;1225.5;21335
1225.5;1227;1222.75;1224;9189
1223.75;1224.75;1219.25;1220.25;16645
1220;1223;1219.25;1222.75;1281
1222.75;1224.5;1222.75;1224.25;1422
1224;1224.5;1223;1223.5;577
1223.5;1224;1223.25;1223.75;117
1223.5;1223.75;1222.5;1222.75;339
1222.5;1223.75;1222.5;1223.75;716
1223.5;1223.75;1222.5;1223.25;229
1223;1224;1223;1223.75;183
1223.75;1224.25;1223.25;1223.5;475
1223.5;1223.5;1222.5;1222.75;941
1222.75;1223.5;1221.25;1221.75;1736
1221.75;1223.25;1221.75;1222.75;358
1222.75;1223.5;1222.25;1223.5;443
1223.5;1223.75;1223.25;1223.25;283
1223.25;1223.5;1222.5;1223.5;308
1223.5;1224.25;1223.25;1223.75;1827
1220.25;1228.75;1220.25;1227.25;11728
1227.5;1228.25;1226.25;1227;6633
1227;1229;1224.25;1228;19009
1228;1231.5;1227;1230.5;20514
1230.5;1232.5;1229.5;1231.25;11958
1231.25;1236.25;1230.5;1233.75;15475
1233.75;1237.25;1231.5;1235.25;19992
1235.5;1236;1233.5;1234.75;8403
1234.5;1235.5;1233;1235.25;5137
1235.25;1239.5;1235;1239.25;10087
1239.5;1242.5;1238.75;1242.25;12042
1242.25;1243.25;1240.5;1243.25;9911
1243;1244.25;1241.75;1244;8043
1244;1244.75;1240.5;1244.75;11696
1244.75;1247;1243.75;1246.25;9795
1246.25;1249.75;1245.75;1249.25;9577
1249.5;1252.75;1249;1249.25;13232
1249.5;1251;1247.75;1248.25;8611
1248.25;1249;1244.5;1246.25;12562
1246.5;1248;1245.5;1245.75;6309
1245.75;1246.75;1244;1244.75;5504
1244.75;1246.75;1244;1246.25;3523
1246.5;1246.5;1244.25;1244.75;3725
1245;1246.25;1243.25;1245.25;4118
1245.25;1248.75;1244;1248.5;5712
1248.75;1249.5;1247.25;1248;5253
1248;1249.5;1247.5;1248.25;4195
1248;1251.5;1247;1250.25;6877
1250.5;1251.5;1247.75;1249;5508
1249;1249;1245.75;1246.5;4140
1246.75;1246.75;1243.5;1243.5;8513
1243.5;1244;1236.25;1236.5;23094
1236.5;1238.75;1233.75;1237.25;22663
1237.25;1240;1235.25;1238.25;13428
1238.25;1239.25;1236.5;1237.5;12607
1236.75;1237.5;1236.5;1237.25;414
1237;1237.5;1236.75;1236.75;575
1236.75;1237.25;1236.5;1237;973
1237.25;1237.5;1236.75;1237;574
1237;1237.5;1236.75;1237;257
1236.75;1237;1236.5;1236.75;500
1236.75;1236.75;1236;1236.25;745
1236;1236.5;1236;1236.25;334
1236.5;1236.75;1236;1236.25;237
1236;1236;1235.5;1235.75;1108
1235.75;1236;1235.25;1235.5;403
1235.5;1235.5;1234.5;1235;1218
1235;1235.75;1234.25;1235.5;466
1235.75;1237.25;1235.25;1237.25;1373
1237.25;1238.5;1236.5;1238;1321
1238;1238.5;1237.5;1238.5;1464
1239.25;1246;1237;1245.5;9331
1245.5;1247;1244.5;1244.5;4352
1244.5;1248.75;1242.75;1244.5;16680
1244.5;1249;1244.25;1245.75;13339
1245.75;1248.5;1245.75;1247.5;5165
1247.75;1250.5;1247.25;1248;9492
1248;1253.5;1247.25;1253;14509
1253;1256.25;1252.5;1256;14071
1255.75;1256;1253;1254.5;8213
1254.5;1254.75;1253;1254;3913
1254.25;1254.5;1251.75;1252.25;5820
1252.5;1252.75;1250.25;1251.5;10265
1251.5;1252.25;1249.5;1251.5;7758
1251.5;1252.25;1250.5;1251;5348
1251;1253.75;1250.75;1252.5;6216
1252.5;1253.25;1251.25;1252;3160
1251.75;1252;1247.5;1249;6843
1249;1249.25;1245;1245.5;16002
1245.5;1245.75;1241;1243.75;18952
1244;1244.5;1241;1241.25;8496
1241;1241.5;1237;1240.5;15190
1240.5;1242.5;1240;1241.25;7347
1241;1241.75;1237.25;1240.25;8331
1240;1244.25;1239.25;1243.75;9887
1243.75;1244.5;1241.5;1243;7144
1243;1244.25;1242;1243.75;3987
1243.5;1255;1242.25;1252.5;29554
1252.5;1254.75;1250;1250.75;18017
1250.75;1252;1249.5;1250;9181
1250.25;1259;1250;1257;18353
1257;1264;1257;1262;24709
1262;1276;1260.5;1271.75;36411
1271.75;1275;1268;1273;23827
1272.75;1288.75;1271.75;1275.75;54572
1275.75;1279.25;1274;1278;14903
1278;1281;1278;1279.25;2503
1279;1280;1279;1279.5;454
1279.5;1280;1279;1279.5;564
1279.75;1282.25;1279.25;1280;2772
1279.75;1281.5;1279.75;1280.5;1744
1280.5;1280.5;1279.75;1280;283
1280;1280.5;1279.25;1279.5;415
1279.5;1280.25;1279;1279.75;862
1279.75;1281.5;1279.75;1280.5;1124
1280.5;1281.25;1280;1280.5;625
1280.5;1281.5;1279;1279.75;976
1279.5;1279.75;1277.75;1278;1463
1278.25;1279.5;1278.25;1279.5;718
1279.5;1279.75;1278.5;1279;1074
1279;1280.5;1279;1279.75;1817
1279.5;1280;1279;1279;4606
1283;1288.25;1275.25;1278;11216
1278;1281.5;1275.5;1281;8748
1281.25;1291;1280;1286.75;30014
1286.5;1292;1284;1284.25;17251
1284.25;1285.75;1272.25;1276.75;28746
1276.5;1283;1273.5;1280.5;17999
1280.5;1285;1279.5;1284.75;18159
1284.75;1287;1283.25;1286.75;16244
1286.75;1288.75;1284.75;1285.5;12230
1285.25;1286;1282.75;1284.25;7329
1284.5;1285.75;1282.5;1282.75;5126
1282.75;1288;1280.75;1286.75;10566
1287;1287.75;1281;1282.5;9302
1282.5;1284.75;1280;1280.5;7146
1280.25;1281.5;1277;1277.25;10478
1277;1279.75;1275.75;1277.5;7514
1277.5;1278.75;1275.75;1278.25;6835
1278;1287;1278;1285.25;13977
1285.5;1291.5;1285.25;1287.5;24855
1287.5;1290;1286.5;1288.5;8102
1288.5;1292;1288;1292;10726
1291.75;1292.5;1290;1290.75;6796
1290.75;1291.5;1287.75;1291.5;5861
1291.5;1297;1291.5;1297;20132
1296.75;1297;1290.75;1292.25;11149
1292.25;1294.25;1291.25;1292.75;4950
1292.75;1293.25;1289.25;1289.75;6695
1289.5;1293.75;1288.5;1292.75;7759
1292.75;1293.25;1289.25;1291.75;6722
1292;1293.25;1291.25;1291.5;2961
1291.5;1292.5;1284;1284.75;15394
1284.75;1286.5;1282.5;1283.25;13911
1283.25;1287.75;1282.75;1287;14542
1286.75;1291.75;1285.5;1291;15461
1291;1291.25;1288.75;1289;8266
1289.75;1292.75;1289.25;1290;4086
1290;1290.5;1290;1290.5;728
1290.5;1290.75;1289.75;1290.5;377
1290.5;1291.25;1290;1291.25;586
1291;1291.25;1290.25;1290.5;540
1290.5;1291.25;1289.75;1290.75;717
1290.5;1291;1290.5;1290.5;371
1290.75;1290.75;1289;1289.75;703
1289.75;1289.75;1287.25;1289;2106
1289;1289.75;1288.5;1289.25;873
1289;1289.5;1288;1288.25;607
1288.25;1289;1288;1288.5;662
1288.25;1289.25;1287.5;1288.75;830
1289;1289.25;1288;1288.5;423
1288.75;1288.75;1287.25;1287.75;966
1288;1288.75;1287.25;1288.5;3038
1290.75;1293.25;1287.25;1291;7144
1291;1293;1290.75;1291.75;4407
1291.75;1292.5;1285.25;1290.75;17976
1290.75;1291.25;1288;1291;7427
1291;1292.5;1288.75;1292.5;8073
1292.5;1292.75;1288.5;1289.75;8915
1289.5;1293;1288.25;1291.5;10324
1291.5;1292.25;1289.25;1289.25;7182
1289.25;1291;1288.25;1289.5;7017
1289.75;1295.5;1289.25;1290.5;14299
1290.75;1291;1288.5;1290.5;4220
1290.75;1294;1290;1292.75;6672
1293;1296;1292.75;1294.75;13469
1294.5;1295.25;1293.75;1294.75;3856
1294.75;1297;1293.5;1296.5;8149
1296.5;1297.5;1294.25;1294.75;9129
1295;1296.25;1293.75;1295.5;4605
1295.75;1296.75;1294;1295;3617
1295;1295.75;1293.75;1295;4866
1294.75;1295.75;1293.75;1295.25;4283
1295.25;1295.5;1292.75;1293.5;4760
1293.5;1295;1292;1294.25;5082
1294.5;1296.25;1294;1295.75;4912
1295.75;1300.5;1295.5;1297.75;15243
1297.75;1298.5;1297;1298.25;2967
1298.25;1300;1297.75;1298.5;4888
1298.5;1302;1296.75;1300;9973
1299.75;1300;1297;1297.25;6835
1297;1299.25;1297;1298.5;3289
1298.75;1299;1292.5;1295.75;12784
1295.5;1295.75;1288.75;1289.5;24650
1289.5;1290;1280;1286.75;42984
1286.5;1289.5;1285.25;1285.75;16971
1286;1294;1286;1291.5;19645
1291.5;1294;1291;1293.5;11376
1294;1295.25;1292.25;1293.25;2250
1293.25;1293.5;1293;1293;242
1292.75;1293.25;1292.25;1292.5;334
1292.25;1293;1292.25;1292.75;364
1292.75;1293.25;1292.5;1293.25;192
1293;1293;1292;1292;526
1292;1293;1292;1293;270
1293;1293.5;1293;1293.25;200
1293.25;1294.25;1293;1293.25;575
1293.25;1293.5;1293;1293.25;59
1293;1294.25;1293;1294.25;289
1294.25;1294.25;1292.75;1293.25;408
1293.5;1293.75;1293.25;1293.75;248
1293.75;1294.25;1293.5;1293.5;698
1293.5;1294.75;1293.25;1294.75;1154
1295;1296;1294.5;1295.5;2893
1291;1295;1286.25;1289.25;10587
1289.25;1290.25;1288.25;1288.5;3535
1288.25;1292.75;1287.25;1291.75;15439
1291.75;1295;1290;1294;10582
1293.75;1295;1292.25;1293.25;6588
1293.5;1296;1292.75;1295.5;5952
1295.25;1300;1295.25;1297.75;17000
1298;1304.75;1297.75;1301.5;13680
1301;1301.25;1297.5;1299.5;10471
1299.75;1301.5;1297.5;1298.25;7063
1298.25;1298.25;1293.5;1296.25;11844
1296.25;1302.5;1295;1302.25;10929
1302.25;1303;1299.25;1300.75;10415
1300.25;1300.5;1295;1296.25;13400
1296.25;1297;1292;1292.5;13245
1292.25;1293.75;1289.5;1293.25;18561
1293.75;1296.5;1293.25;1295;8319
1295.25;1298.5;1294.75;1296.25;7481
1296.75;1299.25;1296.5;1297.75;5363
1298;1300;1297.5;1298;5485
1297.75;1298.75;1296.25;1298.75;3970
1298.5;1300.75;1297.75;1299.5;8064
1299.75;1300.5;1298.5;1299.5;3733
1299.25;1299.5;1296.75;1297.75;4472
1298;1298.5;1294.5;1297.5;7371
1297.5;1300;1296.5;1298.5;5359
1298.5;1298.75;1295;1296.75;6640
1297;1298.25;1296.75;1298;3808
1298;1300.75;1298;1299.5;10581
1299.75;1303.25;1298.5;1300.5;13224
1300.5;1302.25;1299.25;1302;8121
1302;1311;1300.75;1310.25;30824
1310.25;1311;1304.5;1307.5;14718
1307.5;1309.25;1305.75;1307.5;11084
1307.5;1308;1302.75;1306.25;15925
1307;1307.75;1306;1307.25;821
1306.75;1308.5;1306.25;1308;550
1308;1308.25;1307.75;1308;496
1307.75;1308.75;1307.75;1308.25;798
1308.25;1308.5;1307.75;1307.75;474
1307.75;1308;1307;1307.25;519
1307.25;1307.5;1306.5;1307.25;513
1307.5;1308.5;1307.5;1307.75;368
1307.5;1308;1307.5;1307.75;303
1307.75;1308.25;1307.75;1308;216
1308;1308.25;1307.75;1307.75;83
1307.5;1307.75;1307;1307.75;475
1307.75;1308;1306.75;1307.5;507
1307.5;1308.25;1307.5;1308;523
1308.25;1308.25;1307.5;1307.5;723
1307.5;1310;1307.5;1309.5;3128
1311.75;1371.25;1308.75;1347.5;27195
1347.25;1349;1345.75;1346.25;11437
1346.5;1347.75;1341.5;1346.25;17752
1346;1347.25;1341.5;1341.75;16771
1341.5;1343.25;1340.25;1341.5;11596
1341.5;1342;1338.5;1339;10255
1339;1342;1338.75;1340.75;8993
1340.75;1346.25;1340.75;1343.75;14711
1343.5;1344.75;1342.75;1343.5;3856
1343.5;1346;1343.25;1344.5;4678
1344.5;1347.25;1343.75;1346;6468
1346;1351.75;1346;1351;16348
1351;1355.5;1348.75;1350.75;21901
1350.75;1352.5;1349.75;1352.5;5466
1352.25;1352.5;1346.25;1348.5;8248
1348.25;1349.5;1347.25;1348.75;2571
1349;1352.75;1348.5;1352.5;5106
1352.5;1355;1351;1351.5;9279
1351.5;1353.75;1350;1351.5;8264
1351.25;1352;1348.25;1349.25;6489
1349.5;1352.5;1349;1351.5;4019
1351.25;1365;1351.25;1363.75;37235
1363.5;1373.5;1361;1370.75;31222
1370.75;1371.25;1366.75;1367;11550
1367;1372.75;1364.25;1372;11255
1371.75;1374.75;1369;1374.25;10563
1374;1376.75;1371.5;1376.5;13342
1376.75;1378;1372.5;1374.5;10220
1374.5;1379.75;1372.75;1379.75;9907
1379.25;1382;1376.75;1377.25;15185
1377;1377.5;1371.5;1373.75;15907
1373.75;1377;1371.5;1372.25;9871
1372.25;1375;1369.5;1371.75;11299
1371.5;1374.25;1369.25;1369.5;10517
1369.25;1374.5;1369.25;1374.5;12463
1374.5;1374.5;1373;1373.75;933
1373.5;1373.5;1367.5;1368.25;5381
1368.5;1369.5;1368;1369.5;1164
1369.25;1369.25;1368.5;1368.75;498
1368.75;1369.75;1368.75;1369.25;734
1369;1372.5;1369;1372.5;1465
1372.25;1373.25;1372;1372.25;598
1372.5;1373;1371.75;1372;596
1372.25;1372.75;1371.75;1372.75;182
1372.75;1372.75;1371.5;1371.75;456
1372;1372.25;1371.25;1371.75;152
1371.75;1380;1371.5;1379.75;4637
1379.25;1381.5;1378.25;1379;4681
1378.75;1379;1377.75;1378;1639
1378;1380.5;1377.75;1379.25;1931
1379.25;1379.75;1378.75;1379;3104
1367.75;1376.25;1355.75;1357;23925
1356.75;1358.25;1356.25;1357;9027
1357;1363.75;1355.5;1362.5;26011
1362.25;1364.75;1359.75;1363.5;13029
1363.75;1367;1360.75;1366.5;14119
1366.5;1367.25;1359;1360;12728
1360.25;1362.75;1358;1359.25;12904
1359.25;1366;1359;1364.25;12182
1364.25;1368.5;1363.75;1367.75;11903
1367.75;1369;1364.25;1366;14187
1366;1369.5;1365.25;1368.5;9837
1368.75;1369.75;1367;1369.25;5356
1369.25;1369.75;1367;1368.5;6592
1368.75;1370;1363.75;1363.75;10671
1364;1367;1363;1364.5;5782
1364.5;1364.75;1363;1364.25;5505
1364;1366.5;1363.5;1364;3943
1363.75;1365.75;1363.75;1364;7727
1364.25;1370.75;1363.25;1369;12280
1369;1371.25;1368;1370.5;8554
1370.5;1377;1370.25;1373.25;18068
1373;1374.75;1371;1374.75;8408
1374.75;1375;1370.25;1371.75;4935
1371.75;1374;1371;1373.75;5757
1374;1376.75;1373.5;1375.25;8951
1375.25;1379.5;1375.25;1379.25;7720
1379.25;1381.5;1376.75;1377.75;12801
1377.75;1384.25;1377.75;1383.25;10082
1383.25;1386.75;1381.5;1382;15923
1382;1385.5;1380.75;1381.5;9815
1381.75;1384.25;1380;1382.75;8229
1383;1387.5;1380.5;1385.5;12136
1385.75;1387.5;1383;1383;11983
1383;1387;1382.5;1386.5;12668
1386.25;1389.5;1386;1387;9716
1387;1387;1385.75;1386.5;1203
1386.5;1386.75;1385.75;1386.5;955
1386.25;1386.5;1385;1385.75;1191
1385.5;1385.75;1385.5;1385.5;93
1385.5;1387;1385.5;1387;552
1387;1387;1385.5;1385.75;844
1385.75;1386;1385.5;1386;354
1386;1386.5;1386;1386.5;104
1386.5;1386.5;1385.5;1385.75;186
1385.75;1385.75;1385.25;1385.75;398
1385.5;1386.75;1385;1386.25;904
1386.5;1387.25;1386.25;1387.25;688
1387;1387.5;1386;1386;722
1386;1386.5;1385.25;1385.5;793
1385.5;1387;1385.5;1386.5;888
1386.5;1387;1386;1386;1667
1387.75;1401.25;1387.75;1394;12115
1394;1395;1393.5;1394.25;4438
1394.5;1396.5;1390.25;1395;14451
1395.25;1397.75;1393.5;1394.75;9957
1394.75;1396.5;1391.5;1391.5;9728
1391.5;1393;1387.75;1389;12063
1389.25;1393.25;1388.5;1392.75;8314
1392.75;1394.25;1391.5;1392.75;6969
1392.75;1393.25;1390.75;1393;5189
1393;1397.25;1392.25;1396.75;10712
1396.75;1399.75;1395.25;1399.25;12648
1399;1401;1397.25;1399.5;9718
1399.5;1400.5;1398.25;1399.75;7095
1399.5;1400.75;1398.5;1398.75;6723
1398.75;1401.75;1398.5;1400;6912
1400;1400.75;1396;1400.25;8053
1400.25;1401.5;1397.5;1398.5;6388
1398.5;1401;1398.25;1400.75;2470
1400.5;1401.25;1398;1398.25;7435
1398;1413;1397.75;1410.75;40935
1410.75;1415.75;1407;1414.25;28621
1414;1422.25;1414;1419.5;29266
1419.75;1420.5;1415.25;1417.25;12314
1417.25;1435;1417;1434.25;29467
1433.75;1441.25;1433.75;1436.25;28799
1436.25;1439.5;1434;1439;15391
1439;1458;1438.75;1457.75;40436
1457.5;1457.5;1448;1452.5;19609
1452.5;1456.75;1448.5;1451.75;16117
1451.75;1453;1450;1451.25;6687
1451.25;1456;1445.75;1446.25;17599
1446.25;1448.5;1442.75;1443.25;11710
1443.5;1454.25;1443.25;1450.5;21999
1450.75;1454.75;1450.5;1453.5;9754
1453.5;1455;1452.25;1453.75;6842
1454;1456.25;1453;1455.75;1963
1455.5;1456;1455.25;1455.75;451
1455.75;1457.25;1455.5;1457;722
1457;1457.75;1456.25;1456.5;1097
1456.5;1458;1456.5;1457.5;652
1457.5;1458.5;1456.5;1458.5;871
1458.5;1462.5;1458.25;1462.5;2826
1462.25;1463.75;1459.5;1460.25;2873
1460.5;1461;1460.25;1460.5;609
1460.5;1461.5;1460.25;1461;440
1460.75;1462;1460.25;1461.5;688
1461.25;1461.5;1460.5;1460.5;557
1460.5;1461;1460;1460.25;620
1460.25;1460.5;1459;1459.25;1233
1459.5;1461.25;1459.25;1461.25;735
1461.25;1462.5;1460.5;1462.25;2489
1452.5;1462.75;1452.5;1456.75;7386
1456.75;1458.25;1454.25;1454.75;5635
1454.25;1468;1452;1466.25;30066
1466;1473.25;1465;1468.5;23027
1468.5;1471.5;1463.75;1467;13921
1466.5;1466.75;1458;1463.75;18819
1463.75;1466.75;1461.25;1465;10157
1464.75;1468;1463.5;1464.75;10076
1464.5;1478.5;1463.5;1473.75;23137
1474;1475.75;1470.5;1472;10068
1472;1474.25;1471;1472.25;6829
1472.25;1475.5;1471;1471.75;7791
1471.75;1480;1470.25;1479.5;16502
1479.25;1482.5;1477;1478.75;14263
1478.75;1487.75;1478.75;1483.75;21215
1484;1487.75;1481.5;1485.25;14171
1485.25;1486.75;1481.75;1482.75;9914
1482.75;1484.25;1479.75;1480.25;11722
1480;1482.25;1478;1479.5;9528
1479.5;1480.25;1473.75;1475;15251
1475;1475;1467.25;1472;20335
1471.75;1476.5;1468.5;1469;13153
1469.25;1469.5;1464;1466.25;14328
1466.25;1472.25;1463.25;1471;12560
1471;1474.5;1468.25;1469.25;12574
1469.25;1470.5;1456;1459.25;30435
1459.25;1463.5;1455;1456.75;22865
1456.75;1460.75;1447;1454.75;36140
1454.75;1462.75;1454.5;1459.25;19699
1459;1461.25;1452.75;1454;12205
1454;1457.25;1451.25;1455.5;11895
1455.25;1457.25;1442;1444.75;22307
1445;1451.5;1440;1450.5;25225
1450.5;1455;1449.75;1452.5;14859
1452.5;1454.25;1448.75;1452.5;10047
1452;1455.75;1451.25;1455.5;2009
1455.25;1456;1454.5;1455.25;497
1455.25;1455.5;1454;1454;385
1454.25;1454.75;1454;1454;86
1454;1454.5;1454;1454.5;118
1454.5;1455;1453.5;1453.5;542
1453.25;1454;1452.75;1453;715
1453.25;1454.25;1453;1453.5;1034
1453.25;1453.5;1451;1451.5;905
1451.5;1452.25;1450.5;1451.5;697
1451.5;1452.5;1451;1452;500
1452;1454.25;1451.25;1453.5;1289
1453.5;1454.75;1453.5;1453.5;802
1453.25;1454;1451.5;1451.75;849
1451.75;1452.75;1451;1451;725
1451;1451.25;1448.5;1448.75;2829
1453.5;1457;1450.75;1453.25;11133
1453.75;1455.75;1453.5;1454;3289
1454.25;1458.75;1448.5;1451.5;21463
1451.5;1451.75;1443.25;1447.25;15380
1446.75;1449.75;1441.75;1446;12753
1446;1453;1445.5;1450.75;12079
1450.5;1458;1450.5;1453.5;15743
1453.5;1456;1452.5;1455;8092
1455.25;1460;1453.75;1457.75;11990
1457.25;1460.5;1456.5;1458.75;11077
1458.75;1460;1456;1458.75;6392
1458.5;1462;1458.5;1460.25;13256
1460.5;1463.5;1460;1461;5711
1460.75;1463;1459.5;1461.5;4462
1461.5;1466.5;1461;1463;11559
1463;1464;1460.25;1462.75;4840
1463;1463;1457.25;1460.75;9469
1460.5;1460.75;1455.75;1458;6920
1457.75;1459;1452.5;1453;8334
1453;1456.25;1452;1453;6275
1453.5;1456;1452.5;1454.5;5226
1454.5;1454.5;1448.75;1451.5;10157
1451.75;1453.5;1445.5;1452;14550
1452;1453.25;1449;1452.25;6103
1452.5;1453;1447;1451;6686
1451;1452.25;1445;1447.5;8378
1447.25;1459.75;1447.25;1458.5;21089
1459;1463.25;1456.25;1459.75;17049
1459.75;1463.25;1457;1460.75;10099
1460.75;1461;1456.25;1459;5680
1459;1463.25;1455.25;1455.5;12331
1455.75;1457.5;1448;1451;18005
1450.75;1457.75;1449.25;1456;10416
1456.25;1461.25;1456.25;1461;9703
1460.75;1463;1460.25;1463;8916
1462.5;1464.5;1461.75;1463.25;1111
1463.25;1463.75;1462.5;1463;424
1463;1463.25;1462.25;1463;165
1462.75;1463.75;1462.75;1463.5;273
1463.5;1463.75;1463.25;1463.75;235
1463.75;1463.75;1463;1463.25;179
1463.25;1464.5;1463;1464.5;603
1464.25;1465.75;1464.25;1465.5;1115
1465.5;1466.75;1465.25;1465.25;677
1465.25;1465.75;1465;1465.5;359
1465.5;1465.5;1464.75;1465.25;435
1465.5;1466.5;1465.5;1466;350
1466.25;1466.25;1465;1465;291
1465;1465.5;1464.5;1465;372
1465.25;1466.5;1465.25;1466.5;423
1466;1468.5;1466;1468;2119
1465;1479.5;1465;1478.25;11150
1477.75;1478.75;1477;1477.75;4394
1478;1478.5;1474.25;1476.5;10416
1476.5;1476.75;1473;1475.75;4666
1476;1476.25;1470.5;1471.5;9362
1471.5;1476;1471.25;1474.75;5550
1474.75;1476.5;1472.75;1474.25;5423
1474.25;1476;1473.25;1474.5;4417
1474.75;1475;1472.25;1472.5;4127
1472.5;1473.5;1471.25;1472;5209
1472;1474;1471.25;1472.25;3551
1472.5;1473;1469;1469.75;6270
1469.5;1470.5;1467.75;1468;7093
1468;1468;1460.75;1464.25;23063
1464.25;1467.5;1463.5;1466.25;7414
1466.5;1469.5;1465.75;1467.5;4801
1468;1470.5;1466.5;1469.75;5837
1469.75;1470;1466.25;1467.25;4893
1467.75;1467.75;1462;1466.25;8871
1466;1468;1464;1466.75;6173
1466.5;1469.25;1463.5;1466;4783
1466.5;1473.5;1465;1472.5;11317
1472.5;1475;1470.75;1471.25;10553
1471.5;1474.25;1467;1467.75;11036
1467.75;1468;1463.5;1466.25;8475
1466.25;1468;1463.75;1467.75;7356
1467.5;1468;1464.25;1464.75;3142
1464.5;1471.75;1464.25;1469.25;8023
1468.75;1470;1464.75;1465.25;7779
1465;1467.5;1462.75;1464.5;9288
1464.75;1464.75;1457;1463;21979
1463;1464.75;1455.25;1463.75;20443
1464;1468.5;1461.25;1463.75;12713
1464;1464.75;1451.75;1454.5;28678
1455;1455.75;1452.25;1455.25;12027
1456;1457.5;1454.75;1456;1092
1456.25;1457.5;1455;1455;717
1455.25;1455.25;1454.25;1454.5;635
1454.5;1455;1454.25;1454.75;218
1454.5;1454.75;1454;1454.5;408
1454.5;1455.25;1452.75;1454.25;1274
1454;1456;1453.25;1455.25;675
1455.5;1456.75;1454.25;1455.5;921
1455.75;1455.75;1454.5;1454.75;100
1454.75;1455;1454;1454;274
1454;1454.75;1453.75;1454;557
1454;1454.5;1454;1454;234
1454.5;1455.25;1453.75;1455.25;471
1455;1455.25;1454.75;1455;317
1455;1456;1455;1455.75;533
1456;1456.25;1454.75;1454.75;1662
1454.25;1455.5;1449.75;1450.25;8403
1450.25;1450.25;1447.25;1448.25;4786
1448;1451.25;1445.5;1448.75;15793
1449;1449.25;1445.25;1447.5;10470
1447.75;1448.5;1444.5;1447;10406
1447;1448.25;1441;1441;12086
1441;1445.25;1436;1441.25;19709
1441.5;1441.5;1433;1434.5;26782
1434.5;1437.75;1434;1436.5;10372
1436.5;1436.5;1431.25;1431.25;11995
1431.75;1437.5;1431;1435.5;19878
1435.5;1437.75;1434.75;1436;7440
1436;1437.25;1434;1436;6750
1436;1436.25;1430.75;1432.5;9316
1432.25;1436;1431.5;1434.5;6590
1434.75;1437.5;1432.25;1437.25;8608
1437.25;1437.5;1434.25;1437.25;5943
1437.25;1438.5;1434.25;1435.75;8504
1435.5;1437;1432.5;1434;5620
1434;1437.5;1431.5;1434;7024
1434.25;1435.25;1431.5;1433.25;4940
1433.25;1436;1433;1435.5;4779
1435.5;1436;1432.75;1435.25;3977
1435.25;1436;1431.75;1432.5;4668
1432.25;1433.25;1430;1433.25;9516
1433;1434.75;1431.25;1434.5;4467
1434.5;1436;1432.75;1435.25;7019
1435.25;1437.75;1434;1434.5;6303
1434;1434;1431.5;1432;8510
1432.25;1435.75;1432;1434.5;4360
1434.25;1434.5;1425.75;1427;14150
1427;1430;1421.5;1425;21484
1424.75;1426.5;1421.5;1423.75;9889
1423.75;1424.25;1417.5;1418.5;21778
1418.5;1423.5;1418;1423.25;12573
1423.25;1425.5;1423.25;1424.5;2105
1424.5;1424.5;1422.5;1422.5;880
1422.5;1424.5;1422;1423;866
1423.25;1425.75;1420.75;1424.25;3262
1424.25;1425;1422.75;1424.75;1328
1424.75;1425.25;1423.5;1423.5;1083
1423.5;1425;1423.25;1424.5;1277
1424.25;1425.25;1424.25;1425;650
1425;1428.25;1424.75;1427.5;4220
1427.25;1427.5;1425.25;1426;1340
1426.25;1426.5;1425.25;1426.25;561
1426.25;1426.5;1425.25;1425.5;426
1425.5;1427.75;1425.25;1427.5;979
1427.5;1427.75;1426.75;1427;906
1427;1427.25;1426.5;1427;440
1426.5;1427.75;1426.5;1427.5;2137
1424.75;1427.5;1421.25;1425.25;8201
1425.25;1429.5;1425;1426.75;7146
1427;1432.75;1424.5;1431;16904
1431;1435;1429.75;1432;13200
1431.75;1434;1430.5;1432.25;5838
1432;1435.5;1431.5;1435.5;6936
1435.75;1436.5;1433;1434.25;11054
1434.5;1443.25;1434.5;1442.5;18859
1442.5;1446;1441.25;1443.5;15731
1443.25;1446.75;1441.75;1444.5;9563
1444.75;1446;1441;1441.5;9270
1442;1444.75;1441.25;1443;5033
1443.25;1445.25;1442.25;1443.5;4165
1443.5;1445.75;1442.5;1443;4002
1443.25;1444.5;1442.75;1443.75;2998
1443.5;1447;1443;1447;5329
1447;1450.75;1445.75;1448;16631
1447.75;1449.5;1447.25;1448.5;4296
1448.5;1454.5;1448.25;1454.25;16978
1454;1455.75;1452.75;1454.25;10919
1454.25;1456.25;1453;1454;9026
1454.25;1457.75;1432.25;1442;50244
1442.5;1448.5;1430.25;1448;50530
1448;1450.5;1440;1442.75;23712
1443.25;1444.25;1436.25;1442.75;18081
1442.5;1446;1441.5;1443.75;11008
1443.75;1447.25;1443;1443.75;9076
1443.75;1446.5;1443.25;1446;4349
1446;1451.5;1446;1449.25;15052
1449;1454.75;1448.75;1454.5;9720
1454.75;1456.5;1452.5;1453.75;13656
1453.75;1461.5;1453.75;1458.75;17001
1458.75;1466.5;1458.5;1466.25;18569
1466.25;1468.25;1464.75;1467;14120
1467;1470;1466.5;1468.75;11773
1468.75;1470.5;1468.75;1469.5;974
1469.5;1470.25;1469.5;1469.5;284
1469.5;1469.75;1468.5;1468.5;800
1468.25;1469;1468;1468.75;513
1468.75;1469.75;1468.75;1469.5;380
1469.5;1470.5;1469.5;1470;407
1470;1471;1470;1470.75;511
1471;1471;1469.25;1470;731
1470;1470.5;1469.75;1470.5;526
1470.25;1470.5;1468.5;1468.5;768
1468.5;1469.5;1468.25;1468.75;633
1468.75;1469;1468.25;1468.75;484
1469;1469.25;1468.5;1468.5;238
1468.5;1468.5;1467.5;1468.25;1025
1468.25;1472;1468.25;1471.75;2785
1471.75;1472.25;1471;1471.75;2124
1468.75;1472;1466.5;1467.5;5736
1467.5;1468.25;1462.25;1463.5;5535
1463.75;1466;1460;1464.25;15832
1464.25;1468;1462.5;1464.25;7850
1464.25;1466;1462;1463.25;6810
1463.25;1465.25;1456.5;1457.25;9141
1457.5;1460;1454.75;1455.25;15778
1455;1456.5;1448.25;1455.75;27712
1456;1458;1453.25;1453.5;6547
1453.5;1455;1452.25;1453.5;6156
1453.5;1453.75;1450.5;1452.25;5466
1452.25;1458;1451.25;1457.75;9144
1457.75;1458.5;1454.25;1454.25;4923
1454.25;1455.25;1450.25;1450.5;5474
1450.75;1453.5;1449.25;1451.25;6838
1451;1454.25;1450.5;1452.75;3246
1452.5;1453.25;1451;1451.25;3540
1451.5;1457.75;1451;1456.5;11374
1456.5;1496.5;1455;1474.5;78060
1474.5;1487;1474.5;1483.5;27466
1483.5;1500;1483;1499.25;33431
1499.5;1499.5;1493.75;1494;14533
1494.5;1499;1491;1497.75;15710
1497.75;1500.75;1495.5;1500;17284
1500;1501;1497.75;1500.5;8162
1500.75;1501.25;1496.75;1500.25;9889
1500.25;1507.5;1497.25;1507;19353
1507;1510;1502.5;1502.75;16552
1503.25;1504.5;1500.75;1504.5;11306
1504.5;1505;1501;1502.75;13455
1502.75;1503.5;1497;1497.5;14577
1497.5;1497.5;1485.5;1490.5;37983
1490.5;1491.75;1478.25;1478.25;27778
1478.75;1488.5;1478.25;1488.5;23096
1488.75;1489.5;1486.75;1488;10603
1488.25;1488.5;1487;1487.5;698
1487.5;1490;1487.5;1489;765
1489;1489.25;1488.25;1488.75;390
1488.75;1488.75;1487.5;1488.25;241
1488.5;1489.25;1488;1488.5;247
1488.5;1488.5;1487.25;1488;436
1488;1489;1487.75;1488.25;181
1488;1488.25;1486.5;1486.75;592
1487;1488;1487;1487.5;318
1487.75;1488;1487;1487.25;270
1487.25;1487.75;1486.75;1487.75;338
1487.5;1489.25;1487.5;1488.75;583
1488.75;1489.75;1488.5;1489.5;690
1489.5;1489.75;1489;1489.25;370
1489.5;1492.25;1489.5;1492;1867
1492;1492.25;1490.75;1491.25;2143
1489.75;1492;1483;1484.25;7996
1484.5;1486.75;1483;1486;3682
1486.5;1490.25;1481.5;1487.75;14562
1487.75;1490.75;1485;1490.75;8425
1490.75;1495.5;1490.5;1493.75;11968
1493.5;1497;1493.25;1495.25;8162
1495.25;1500.75;1493;1494.75;17252
1494.25;1496;1491;1494;10463
1494;1494;1487.25;1490;10693
1489.5;1490;1485.5;1488;7863
1488;1493;1487.75;1489.75;12074
1489.75;1497.5;1489.25;1497.25;10049
1497.5;1498.25;1495;1496.75;7112
1496.75;1498;1492.75;1493.25;6375
1493;1494.75;1491.25;1493.5;4425
1493.5;1496.25;1492.5;1494.25;4989
1494.5;1495.5;1491;1493;5573
1493;1497.5;1491.75;1494.75;6820
1494.75;1497.25;1494.5;1496.25;4448
1496.5;1498;1492;1492.75;6689
1492.75;1494;1490.75;1492.25;5946
1492.25;1496.75;1491.5;1493.5;8724
1493.75;1497;1491.75;1496.5;6308
1496.5;1499.25;1496.25;1497.5;9006
1497.75;1498;1493.25;1494.75;4960
1494.75;1495.5;1490;1492.5;8429
1492.75;1496.5;1492;1494.25;5144
1494;1496;1492.25;1496;2243
1496;1503;1496;1500.75;18001
1500.5;1501;1497.5;1498;4947
1498;1498.25;1493.75;1494.5;8370
1494.5;1498.5;1491.5;1496.5;10366
1496.25;1496.5;1491.75;1495.25;8386
1495.25;1496.75;1492.25;1494.25;7131
1494;1494.25;1489.25;1489.5;10287
1490.5;1492;1489.5;1491;932
1491.25;1491.75;1491;1491.5;252
1491.5;1492;1491.5;1491.5;256
1491.75;1491.75;1491;1491.25;287
1491.25;1491.75;1491;1491.5;87
1491.5;1491.75;1491;1491;284
1491;1492;1491;1491.25;232
1491.25;1491.5;1491;1491;261
1491;1491.5;1490.75;1491.25;382
1491;1492.25;1491;1491.75;620
1491.75;1491.75;1490.75;1491.5;259
1491.25;1491.75;1491.25;1491.75;125
1491.75;1492.75;1491.5;1492.5;504
1492.25;1493.25;1492;1492.75;395
1492.75;1493.75;1492.75;1493;694
1492.75;1493.5;1492.5;1492.5;759
1491;1497;1491;1493.5;8174
1493.25;1497;1493.25;1494;4917
1494.25;1499.75;1493.25;1494.75;16901
1494.75;1495.75;1486.5;1489.25;18292
1489.25;1494.75;1485.5;1494.75;13977
1494.75;1495.25;1492.25;1494.75;6374
1494.75;1498;1494;1495.75;8777
1495.75;1498;1495.25;1496;4325
1496;1498.5;1495.5;1497;5101
1496.5;1497.75;1495.5;1496.75;2609
1496.75;1497.25;1492.75;1496;7470
1495.75;1497.75;1494.75;1496.5;3362
1496.25;1498;1494.75;1496.25;4438
1496;1498.5;1495.75;1497.75;3700
1497.5;1499.75;1494.5;1495;8960
1495;1496.25;1491.5;1493.75;9202
1493.75;1494.75;1490.25;1490.75;5440
1491;1496;1490.25;1496;5341
1496;1496.5;1494.25;1496;3514
1496;1496.25;1494;1494.25;2273
1494.75;1494.75;1491.25;1493.5;5159
1493.5;1495;1489.5;1489.75;5155
1489.75;1490.75;1487;1490;11885
1490;1490.5;1486.75;1489.25;7483
1489.25;1491.75;1488.5;1491;5819
1491;1491;1483;1485;13421
1485.25;1485.25;1479.25;1481.75;22983
1481.75;1483.5;1480;1481;9771
1481.25;1486.5;1480.75;1484;13571
1484.25;1484.25;1471;1472.75;30845
1473;1474.25;1465;1466.25;25461
1466.25;1470;1456;1466.75;36155
1466.75;1470.75;1465.5;1469;15297
1469.5;1471.75;1460;1470.75;20519
1470.75;1474;1469.75;1472;12746
1471.75;1472.75;1471;1471.25;939
1471;1472.75;1470.75;1472;884
1472;1472.25;1471;1471.25;658
1471.25;1472;1471;1472;146
1472;1472;1470.75;1471.5;345
1471.5;1472.75;1471;1471.25;780
1471.25;1471.75;1470.75;1471.75;499
1471.75;1471.75;1471.5;1471.5;86
1471.5;1471.5;1471;1471.5;273
1471.75;1472.75;1471.75;1472;683
1472.5;1473;1472.25;1472.25;282
1472.25;1473.25;1472.25;1472.75;451
1472.75;1473;1471.75;1472.5;267
1472.5;1473.75;1472.25;1473.75;458
1473.5;1473.75;1472.75;1473.25;773
1473.25;1475.5;1473.25;1475.5;2314
1475.75;1481;1475;1478.75;8989
1478.5;1484;1478.5;1481.25;8018
1481.5;1521.75;1478.75;1498.75;45379
1498.25;1503.5;1491.5;1493.75;26099
1493.75;1495.5;1488.75;1493.75;12756
1493.75;1495.5;1491.25;1493.75;6306
1493.5;1497.5;1493.5;1494.75;7847
1494.75;1495.25;1491.5;1492.75;4806
1492.75;1496.25;1491.25;1494.5;5289
1494.5;1494.75;1492.25;1494;2772
1494;1496;1489.25;1489.75;6951
1489.75;1490;1475;1481;31019
1481;1481;1468.25;1476.75;27069
1476.75;1480;1474;1477.25;12103
1477.5;1481.5;1471;1473.5;12611
1473.5;1475.25;1470.5;1473.75;9116
1473.75;1474.25;1469.5;1472.75;6726
1472.75;1473;1461;1466.5;18666
1466.5;1471.25;1464.25;1467.5;10581
1467.25;1472.75;1467;1469.5;7261
1469.5;1476;1469.25;1472.5;9471
1472.5;1475;1471.5;1471.75;5768
1471.5;1472.75;1469.25;1471;5870
1471;1474.5;1470.25;1471;4759
1471;1478;1470;1476.5;9784
1476.5;1478.5;1473.25;1474.25;6473
1474.5;1475;1468.25;1469.5;10322
1469.5;1472;1465.25;1469.75;13604
1469.75;1473.25;1463.5;1472.25;14799
1472.25;1475.25;1471.75;1473.75;9822
1473.5;1475.25;1470.25;1473;11408
1473;1479;1471.5;1477.75;12596
1478;1482;1475.5;1481.25;14879
1481.5;1482.5;1479;1481.25;10471
1481.5;1482;1479.75;1481.75;7196
1482;1482;1477.75;1479.25;1739
1479;1479.25;1478.5;1479.25;720
1479.25;1481.25;1479.25;1481;642
1481;1481;1480;1480.5;441
1480.5;1481.75;1479.75;1479.75;692
1479.75;1480.25;1479.5;1480;164
1480;1480.25;1479.25;1480.25;373
1480.5;1481.75;1480.25;1481.75;568
1481.5;1483.5;1481.5;1483.25;1345
1483.25;1483.75;1481.5;1481.75;987
1481.75;1483.5;1481.75;1482.5;408
1483;1483.5;1482.75;1483.5;387
1483.25;1483.75;1482.75;1483.75;563
1483.75;1484;1483;1483.25;442
1483;1483.5;1481.5;1483.5;763
1483.5;1484;1483;1483.5;1528
1481.5;1490.25;1481.5;1488.25;7418
1488;1491.5;1487;1491;5670
1491.25;1491.5;1486.75;1489;10826
1489.25;1490.5;1487.25;1487.5;6740
1487.75;1491;1486.5;1490.75;6859
1490.5;1495;1490.25;1494.75;15515
1495;1495;1492;1494;10542
1494;1497.5;1493;1494.25;10221
1494;1497;1493.25;1495;5966
1495.25;1497;1493.5;1496.75;6094
1496.25;1497.25;1494;1494;5864
1493.75;1494.75;1491.5;1492;8172
1492;1494.75;1491.5;1494.75;6669
1494.5;1495.25;1493.25;1493.5;4361
1493.5;1496.5;1493.5;1495.25;4093
1495.25;1495.5;1493.75;1495;1863
1494.75;1496.25;1494.5;1495.25;4210
1495;1496;1494.5;1495.5;2727
1495.25;1497;1495.25;1496;4521
1496.25;1499.75;1496;1498;8152
1498;1500.75;1497.5;1500.75;9748
1500.5;1501;1498.5;1499.5;5289
1499.75;1501.25;1495.5;1496.25;11867
1496;1496.25;1494;1494.5;10331
1494.75;1495;1491.25;1492.75;9321
1492.75;1494.5;1491.75;1492.25;6068
1492.5;1493.5;1487.75;1488.25;9948
1488.25;1489.25;1485.5;1487.25;10358
1487.25;1487.25;1482.25;1484;19651
1484;1487;1483.75;1485.5;14626
1485.5;1485.5;1482.25;1485;9803
1484.75;1487.5;1484;1486.25;9711
1486;1487;1483.5;1484.75;6791
1485;1485.75;1479.75;1483;10993
1483;1483.5;1481.25;1483;6961
1483.5;1485.75;1482.75;1484.75;1524
1484.75;1485.25;1484.5;1484.75;403
1484.75;1485;1483.75;1483.75;320
1483.75;1484.75;1483.75;1484.5;346
1484.25;1485;1484;1484.75;239
1484.5;1484.75;1483.75;1484.5;316
1484.5;1484.75;1483.75;1484.5;236
1484.75;1486.5;1484.75;1486.25;1902
1486.25;1487.75;1486;1487.5;1328
1487.5;1488;1487;1487;624
1487;1489;1486.75;1489;939
1489;1490.25;1488;1489.5;2358
1489.5;1489.5;1488.25;1488.75;864
1488.75;1491.75;1488.75;1491.5;1634
1491.75;1491.75;1489.25;1489.75;2203
1489.5;1490.5;1489.25;1489.5;1954
1485;1493.5;1485;1493;7423
1492.75;1494.75;1492.75;1494.5;5455
1494.25;1495.25;1491.5;1492;8294
1492;1493.5;1488.5;1493.25;8877
1493.25;1494.25;1490.5;1492;5836
1491.75;1492.75;1488.5;1488.75;4919
1488.5;1489;1483.5;1488;16259
1488;1489.75;1485.75;1488.5;7134
1488.5;1490.25;1486;1490;5723
1490.25;1491.25;1488.25;1489.75;5717
1489.75;1494.5;1489.75;1494;8731
1493.75;1494.75;1491.5;1491.5;6149
1491.75;1493.5;1491.5;1492;2662
1491.75;1493.75;1490.75;1491;3920
1491;1494.5;1490.75;1493.5;4199
1493.75;1494.75;1490.25;1490.25;5401
1490.75;1492.5;1490;1492;4699
1492;1492.5;1490.5;1492.25;2163
1492.5;1497.75;1491.25;1497.25;11268
1497.25;1498.5;1495;1497.75;10330
1498;1498.25;1495.25;1495.75;3569
1495.75;1498.25;1494.5;1497.5;5116
1497.75;1499;1494.75;1495;5727
1494.75;1497.25;1494;1496;3144
1496;1496.5;1492.5;1493.25;4411
1493.5;1493.5;1490;1491.75;8971
1491.75;1494.25;1491.25;1492;4584
1492.25;1500;1489;1499.75;14926
1499.25;1501;1496.25;1498.5;18204
1499;1504.5;1498.25;1502.75;16993
1503;1503.75;1496.25;1497.75;11564
1497.75;1506;1497.25;1504.25;14045
1504;1511;1504;1510;15303
1510;1514;1506.5;1508.25;17220
1508.25;1512.5;1507.75;1512;8209
1512.25;1513.25;1511.25;1512;983
1511.75;1512.25;1511.75;1511.75;270
1511.75;1511.75;1510.75;1511.25;478
1511.25;1511.5;1511;1511.5;115
1511.5;1512;1511.25;1511.5;216
1511.5;1511.75;1511;1511;305
1510.75;1511;1509.25;1509.5;942
1509.75;1511;1509.25;1510.75;479
1510.75;1511;1510.25;1510.75;152
1510.75;1511.5;1510.75;1511.5;128
1511.25;1512;1511.25;1511.75;337
1511.75;1512;1511.25;1511.25;137
1511.25;1512;1511.25;1511.5;149
1511.75;1512;1511.25;1512;255
1511.75;1512.75;1511.75;1512.75;428
1512.75;1513.25;1512.25;1513;1232
1513.5;1518.5;1511.25;1515.75;8043
1515.75;1518.5;1515.5;1518;6089
1518;1520;1516.75;1517.5;14804
1517.5;1518;1513.25;1514.5;11374
1514.5;1516.5;1510.25;1514;12969
1514.25;1514.25;1508;1508.5;12130
1508.5;1510.25;1505.75;1508.75;12130
1508.75;1509;1504.25;1504.25;13255
1504.25;1508.5;1503.25;1506.75;10836
1507;1508.5;1506;1506.75;7827
1506.75;1509;1506.5;1508.5;6611
1508.5;1511;1508.25;1509.5;6003
1509.5;1510.5;1506.75;1507.5;6273
1507.75;1510;1507.25;1508.75;3197
1508.75;1509;1506.75;1508.75;4010
1508.75;1509.5;1508;1508.25;2152
1508.25;1508.75;1505.5;1506;7362
1506;1508.25;1503.25;1503.25;9045
1503.75;1507.5;1502;1506;7477
1506;1509;1506;1506.75;3051
1506.75;1511.25;1506.5;1511;8317
1510.75;1511.25;1507.5;1508;4315
1508.25;1509.5;1499.75;1501.5;13971
1501.5;1503.5;1498.5;1502.5;13229
1502.5;1504.5;1501.25;1502.25;5334
1502;1504.75;1502;1504.5;3351
1504.25;1508;1504;1506.5;7100
1506.5;1507;1503;1503;3295
1503;1503;1500.75;1501;6146
1501;1501;1493;1495.5;24938
1495.5;1496.5;1487.25;1487.5;21801
1487.25;1490.75;1485;1488.5;14603
1488.25;1491.5;1483.5;1491.25;14685
1491.25;1503.5;1491.25;1494.25;35407
1494;1494.25;1492;1493;7663
1493.5;1493.75;1491.25;1492.25;838
1492.5;1493.25;1492.5;1492.75;284
1492.75;1493;1492;1493;251
1493;1493;1491.5;1491.5;353
1491.5;1492.25;1490.5;1490.5;598
1490.75;1491.5;1490.5;1490.5;402
1490.5;1491.75;1490.25;1491.5;415
1491.25;1492.25;1491.25;1492;390
1492;1493;1492;1492.75;317
1492.75;1494;1492.75;1493.5;961
1493.5;1494;1492.5;1493.25;460
1493.25;1493.75;1492.25;1493.5;251
1493.5;1494;1493.5;1494;323
1494;1494.25;1493.25;1493.75;598
1493.75;1493.75;1493.25;1493.5;234
1493.5;1494.75;1493;1494.75;1278
1491.25;1491.25;1476;1476.25;13722
1476.25;1477.25;1473.25;1474;6747
1474;1477.5;1469.5;1472.75;20161
1472.75;1475;1470.75;1470.75;14147
1471;1474.75;1469.5;1472.25;9244
1472.5;1473.75;1464.25;1466.25;16180
1465.75;1468.25;1464.5;1468;12228
1468;1472;1467.5;1469.5;9928
1469.5;1473.25;1469.5;1473;7166
1472.75;1473.5;1469.25;1471.75;5351
1471.75;1472.75;1470.5;1470.75;2683
1471;1474.75;1470.5;1473.75;6399
1473.75;1474;1469.75;1471;4926
1471;1473;1470;1471;3696
1471;1471.75;1466.75;1468.75;6194
1468.75;1470.75;1468.25;1469;2442
1469.25;1471.75;1469;1470.25;2625
1470.25;1470.5;1467.5;1468.25;2984
1468;1468;1460.25;1462.75;17471
1462.5;1463.5;1460.5;1463;6823
1462.75;1463.75;1456.5;1459;17621
1459;1463.5;1458.75;1462.75;8070
1462.75;1466;1461;1462.25;8789
1462.5;1465.5;1459;1463.75;7175
1464;1466.75;1463.75;1465;6935
1465;1465;1459.75;1460.5;6725
1460.75;1461.5;1455.25;1456.25;10679
1456.25;1456.5;1449;1450.5;25006
1450.25;1455;1447.5;1454.75;21429
1454.75;1456.5;1452;1454.25;10150
1454;1455;1449.75;1452;8810
1452;1453;1446.25;1447.25;12166
1447.25;1450;1445;1448.5;24471
1448.5;1449;1441.75;1443;25399
1443.5;1444.5;1440.25;1442;14930
1441.25;1441.5;1439.25;1439.75;1691
1439.75;1440.25;1439.25;1439.75;507
1439.5;1441.5;1439;1440.75;967
1440.75;1441.25;1439.25;1440.25;375
1440;1444.75;1439.5;1444.75;4474
1444.5;1448.75;1444.5;1446.25;5454
1446.25;1447.75;1445;1447.5;2041
1447.5;1450;1447.25;1449.75;3157
1450;1451;1448;1448.5;2743
1448.5;1449;1447.75;1448.75;1064
1448.5;1449;1448.5;1449;248
1449.25;1449.25;1448.25;1449;367
1448.75;1448.75;1447.75;1448.75;705
1448.75;1450.5;1448.5;1450;2256
1450;1450.75;1449.5;1450.5;1275
1450.5;1451.25;1450.25;1450.5;2737
1450;1459.25;1450;1457;12671
1457;1461;1456.75;1459.75;12056
1459.75;1461.25;1457;1457.5;15461
1458;1460.5;1456.25;1456.75;11108
1456.5;1457.75;1452.75;1453.5;9385
1453;1454.5;1443.75;1443.75;29038
1443.75;1444.5;1433.75;1441;36725
1441;1447.75;1440.75;1446.25;12772
1446.25;1450;1445.5;1448.25;10708
1448.5;1453.5;1446.75;1451;11729
1451;1454.5;1450.75;1452;9433
1452;1454.25;1451;1453.75;5324
1453.75;1455.25;1450.75;1454;8837
1454;1458.25;1452.5;1458;9828
1458;1458.75;1456.5;1457;7533
1457;1459;1452.75;1454.25;8612
1454;1455;1452;1453;5529
1453.25;1456.5;1453;1454.5;3919
1454.5;1457;1454;1456.75;3852
1456.75;1459.25;1456.75;1457.75;7548
1457.75;1458.5;1452.25;1453;7423
1453;1454.75;1451.5;1454.5;7889
1454.5;1458.75;1454;1457.75;7791
1457.75;1460;1455.5;1459.75;9598
1460;1462.5;1459.5;1460.75;14804
1461;1461;1456;1456.5;7044
1456.5;1459.75;1456;1458.75;4954
1458.75;1463.5;1457;1463;8629
1463.25;1469;1463;1468.5;24226
1468.5;1470.25;1465.75;1468.5;16143
1468;1473;1466.5;1473;14571
1473;1480.5;1472.75;1480;21329
1480.25;1481.5;1474;1475.5;12193
1476;1481.75;1475.5;1481;11170
1481.25;1487.75;1481;1486.75;17874
1487.5;1489.25;1486.75;1489;1551
1489;1489.5;1487.75;1488.25;665
1488.25;1488.75;1487.5;1487.75;515
1487.5;1487.75;1486.75;1487.5;903
1487.25;1488.5;1487.25;1488;420
1488;1488.25;1487.75;1488;323
1488;1488.25;1487.5;1487.5;391
1487.5;1489.5;1487.5;1488.5;777
1488.25;1489.25;1488.25;1489.25;435
1489.25;1489.25;1488.75;1489;195
1489;1489.5;1489;1489.25;400
1489.25;1490.5;1488.75;1490.5;906
1490.5;1491.25;1489.75;1490.75;974
1490.75;1492;1490.5;1491.5;1290
1491.75;1492;1490.5;1492;913
1492;1492.75;1488.25;1488.5;3263
1489.25;1489.25;1481.75;1483.75;10665
1483.75;1484;1483;1483;2162
1483;1488.75;1480.25;1486.75;18406
1487;1491;1486.5;1487;9642
1487.5;1492.75;1485.75;1486.25;11832
1486.25;1488;1483;1484.75;9478
1485;1487;1481.25;1485;12307
1485;1489;1484;1488.25;8717
1488.25;1488.75;1483.5;1485.25;8074
1485.25;1486.25;1483.5;1485.25;4318
1485.25;1487.5;1485;1487;4209
1487;1488.25;1486;1486.75;6190
1487;1488.25;1484.5;1485.75;8115
1485.75;1486.75;1485.5;1486.5;3181
1486.5;1488;1485.5;1488;3197
1488;1491.75;1487;1490;9713
1489.75;1491.5;1488.75;1489.75;5280
1489.75;1490.75;1489.5;1490.25;2453
1490;1491;1487;1487.75;5775
1487.75;1489.5;1481.5;1482.5;15431
1482.75;1485.5;1481.25;1481.25;13988
1481.5;1482;1478.25;1478.25;15671
1478.5;1478.75;1473;1474.75;24367
1474.75;1482;1474.25;1476.5;13171
1476.5;1478.75;1475.25;1478.25;4023
1478.5;1479.75;1471.75;1472.25;13350
1472.25;1474.75;1468.75;1473.25;22454
1473.75;1475.5;1471.25;1472.5;5461
1472.5;1473.25;1467.5;1472.75;15880
1472.75;1482.25;1471.75;1480.75;21064
1480.75;1483.75;1476;1479.5;14060
1479.5;1483.25;1478.5;1481.25;7942
1481.25;1481.25;1474.5;1475.5;15149
1475.25;1478.75;1473.75;1478.5;10054
1478;1479;1474;1474.5;8885
1474.75;1476;1474.5;1476;656
1476;1476.25;1474.5;1474.75;644
1474.75;1476.25;1474.75;1476.25;507
1476.25;1476.25;1475;1475;450
1475.25;1476;1475;1475.75;250
1476;1476;1475.25;1475.25;328
1475.5;1475.75;1475.5;1475.75;139
1475.75;1476.5;1475.75;1476.25;298
1476;1476;1475.5;1476;217
1476;1476.25;1475.25;1475.75;165
1475.75;1476;1475;1475;227
1475;1475.25;1474.75;1475.25;411
1475.25;1475.5;1474;1474.5;540
1474.5;1475.5;1474.25;1475.5;279
1475.5;1476;1475.5;1475.75;617
1476;1476;1475;1475;1008
1477.5;1477.5;1472.75;1474;4642
1473.5;1476.5;1473;1475.5;4662
1475.5;1475.75;1463.75;1464.25;32670
1463.75;1466.25;1460.5;1461.75;23154
1461.75;1464.5;1459.75;1464;12296
1463.75;1466.25;1460.75;1461.25;11795
1461;1464;1460.5;1462.25;11879
1462.5;1466;1462;1465.75;7226
1465.5;1466.25;1464;1465;5188
1465;1468;1465;1468;4419
1468;1472.75;1468;1472.25;12211
1472.5;1477.5;1471.5;1477;23784
1477;1478.25;1473.5;1473.75;9901
1474;1477.75;1472.5;1477;6896
1477;1480;1476.75;1479.75;8192
1479.75;1485.5;1479.75;1483;17581
1483;1483.25;1481.25;1481.75;4664
1481.75;1481.75;1478;1479.75;9413
1480.25;1482.5;1479.25;1482.25;3435
1482.25;1482.5;1479;1482.25;4518
1482.25;1486.5;1481.75;1485;9980
1485.25;1485.75;1482;1484.5;5582
1484.5;1488;1484.5;1487;9425
1487.25;1488.5;1482.5;1484.25;10874
1484.25;1484.75;1478.5;1480.5;10188
1480.5;1482;1479;1481.5;5425
1481.25;1484.5;1480.5;1483.5;6304
1483.25;1484.25;1481.25;1483;3606
1483.25;1487.5;1482.75;1485.75;8436
1485.5;1486;1482.75;1484.25;5754
1484.5;1491.75;1483.75;1488.25;17789
1488.25;1488.75;1476.5;1476.5;17034
1476.75;1481;1474.25;1479.25;17547
1479.5;1483.75;1476.5;1482;11087
1482.5;1487;1481;1486.25;12388
1486.5;1489.25;1486.5;1487.5;1428
1487.5;1490;1487.5;1489.75;910
1489.75;1491.75;1489;1490;1266
1489.5;1490;1488.75;1488.75;352
1488.75;1489.25;1488.5;1488.75;365
1488.75;1489.5;1488.5;1489.25;174
1489.25;1489.25;1488.75;1489.25;191
1489.5;1489.5;1488.5;1489;190
1489;1489.75;1488.5;1488.5;325
1488.75;1489.25;1488.5;1488.75;226
1489;1489.25;1488.5;1488.75;294
1488.75;1489;1487.75;1487.75;532
1487.75;1489;1487.5;1489;684
1488.75;1488.75;1488.25;1488.25;211
1488.25;1489.5;1488;1489.25;429
1489.25;1490.25;1488.75;1489.75;1539
1487.75;1489.75;1484;1485;5429
1485;1485.25;1483;1483.5;3910
1483.75;1487.25;1482.25;1487;8746
1487;1488;1483;1484.75;7420
1485;1486.5;1480.25;1482;11420
1482;1482;1476.75;1476.75;13894
1477;1478.25;1469.25;1472.5;28066
1472.75;1475.5;1472;1474.25;10000
1474.5;1477.5;1471;1473.5;13054
1473.5;1478;1473.25;1477.25;7792
1477;1478.75;1474;1474;8250
1474;1477.75;1472.75;1476.25;11603
1476;1476.5;1474.25;1476.5;3084
1476.25;1478.25;1475.75;1477.5;5721
1477.5;1479.25;1476;1479;4921
1479;1479;1473;1473.75;6257
1473.75;1477;1473.25;1476.25;3696
1476.25;1477;1473;1477;3238
1476.75;1477;1471.25;1473.75;7604
1473.75;1476;1472.5;1475.25;3490
1475;1475;1472.5;1472.75;4168
1472.5;1474.5;1470.5;1471.25;7903
1471.25;1474.25;1470.5;1474;3554
1474;1477;1473.25;1474;4890
1474;1477;1471.5;1476.75;6908
1476.75;1479.25;1475.5;1476.75;6726
1476.5;1482.25;1476.25;1480.75;8055
1481;1481.25;1477;1477.25;5309
1477.25;1480.75;1474.25;1479.25;7603
1479.25;1479.25;1472.75;1473.5;8577
1473.5;1478;1473;1476.75;6401
1476.5;1478.25;1474.5;1474.75;5010
1474.75;1480.25;1474.5;1479.5;9604
1479.75;1480;1476.5;1477;4730
1477.25;1477.75;1476.5;1476.75;5242
1476.5;1477.25;1475.75;1477;715
1477;1477;1476.5;1476.5;126
1476.5;1477.25;1476.5;1477;280
1477.25;1477.5;1476.75;1477.25;136
1477.25;1477.25;1476.75;1477.25;250
1477.25;1477.5;1477;1477.5;84
1477.25;1477.5;1476.5;1477;107
1476.75;1477;1476.5;1477;93
1477.25;1477.75;1476.25;1476.5;697
1476.75;1477.25;1476.5;1476.5;662
1476.75;1477;1476.5;1476.5;425
1476.5;1476.5;1476;1476.5;707
1476.5;1476.75;1476.25;1476.25;311
1476;1476.5;1476;1476.5;188
1476.25;1476.5;1476;1476.25;222
1476.25;1476.5;1473.75;1474.5;4455
1476;1476;1466;1468;11145
1468;1469.25;1467.5;1468;2782
1468;1472.25;1466.5;1469.75;14423
1469.5;1473.5;1468.75;1470.75;10035
1471;1471;1465;1467;11038
1467;1468.25;1465.75;1467.25;3646
1467.5;1470.75;1465.75;1469;9068
1468.75;1472.75;1468.75;1472.75;7310
1472.25;1473;1466.5;1466.5;7286
1466.75;1469.25;1466.5;1468;4260
1468;1471.25;1467.5;1469.75;5215
1469.5;1470.75;1468.75;1470;2110
1470.25;1471.75;1469.25;1470.75;2438
1470.5;1472.75;1470.5;1471.75;4234
1471.75;1478.75;1471.5;1476.5;11492
1476.5;1481.75;1475.25;1478.5;19125
1478.75;1479.75;1475.25;1476.25;5679
1476;1476.25;1472.25;1474;8768
1474;1477;1470;1472;8386
1472.25;1473.75;1471;1472.75;3722
1472.5;1476.25;1472.5;1475.75;4389
1475.75;1478;1475;1475.75;5029
1475.75;1478.75;1474.75;1477.5;3306
1477.5;1479.5;1474;1476.25;6921
1476.25;1476.75;1473.25;1474.5;2968
1474.5;1476.75;1474.25;1475;2305
1474.75;1477.75;1474.75;1477;2143
1477;1477.5;1474.75;1477.5;2014
1477.5;1479;1473.75;1474.25;5988
1474;1475;1471.75;1474.25;5707
1474;1477;1473.75;1476.5;3241
1476.25;1476.5;1473.75;1474.25;2711
1474.25;1477.75;1474;1476;6015
1476;1476.75;1473.75;1476;5474
1476;1476.75;1474.75;1475;4507
1475.25;1476.5;1475.25;1476.5;357
1476.5;1477;1476.25;1476.75;261
1476.75;1477;1476.25;1476.5;128
1476.5;1477;1476.5;1477;207
1477;1478.75;1477;1477.75;781
1477.5;1478;1476.75;1477.25;317
1477.5;1477.75;1477;1477;342
1477;1477.75;1477;1477.5;183
1477.25;1477.25;1475.5;1475.75;1065
1475.5;1476.75;1475.5;1476.5;390
1476.5;1476.75;1475.75;1475.75;396
1475.75;1476.5;1475.5;1476;487
1476;1476.25;1475;1475.75;749
1475.75;1476.5;1475.5;1475.75;517
1475.5;1476.25;1475.5;1476;292
1476.5;1477.25;1475.75;1476;1232
1476;1476.75;1472.25;1473.5;4358
1473.5;1476;1473.5;1475.5;3103
1476;1484;1475.5;1483.75;17182
1484.25;1488.75;1483.75;1485;16636
1485;1485.5;1482.75;1484.75;7904
1484.75;1486;1483.75;1484.75;3918
1485;1489.25;1484.5;1489;8847
1489;1489.5;1485.25;1486;6422
1486;1487.5;1484.5;1486.25;4337
1486.25;1488.5;1485.5;1487;4665
1487;1488.5;1485.75;1487.5;3897
1487.5;1490;1487.25;1489.75;6079
1489.75;1493.5;1488;1488.5;17506
1488.5;1491.5;1488.5;1491.25;4289
1491.25;1491.75;1487;1487.5;5052
1487.25;1488;1484.25;1485;10831
1485;1487.25;1484.25;1486.5;5597
1486.25;1487.75;1485.75;1487.25;1934
1487.25;1488;1484.25;1485.75;5519
1485.75;1486.75;1484.5;1486.25;3041
1486.25;1487.5;1482.25;1484;8256
1483.75;1484.25;1479;1479;14225
1479.25;1481.25;1478.5;1479.5;8849
1479.5;1483;1479;1482.75;5458
1482.75;1484.75;1482.25;1484;7001
1483.75;1487;1483.75;1486.5;8391
1486.5;1487;1484.75;1486;3843
1486.25;1487.5;1485.5;1487.25;5041
1487.25;1490;1487;1489.25;7924
1489.5;1490.5;1488.5;1490;5304
1490.25;1491;1486.5;1487.25;8244
1487.5;1492.75;1486;1491;12048
1491;1492;1489.25;1490.25;4835
1490.5;1490.75;1484.75;1486;10099
1485.75;1487.75;1485;1487.5;5213
1487.5;1488.5;1487.5;1488.25;779
1488.25;1488.5;1488;1488.25;154
1488.25;1488.25;1487.75;1487.75;318
1487.75;1488;1487.25;1487.5;302
1487.5;1489;1487.25;1487.75;482
1488;1489.25;1488;1489;729
1488.75;1489.75;1488.5;1489.5;556
1489.5;1490.25;1488.75;1489.5;1435
1489.5;1489.75;1488.75;1489.25;648
1489.25;1490;1489;1489;0
1489.75;1489.75;1489.25;1489.25;0
